text,label_name,pred,p_positive,p_neutral,p_negative
   Ulitaka kujua siasa hzi za democrazy nawaomba musome kitabu kinachoitwa The Prince by Machiavelli Ndio,positive,positive,0.5264,0.4348,0.0388
Chama chenye sera kali za mrengo wa kulia ambacho kimefanya kampeni kwa kutumia jukwaa la kupinga wahamiaji kimepata kura nyingi katika uchaguzi mkuu uliofanyika jana nchini Sweden Soma zaidi gtgt,neutral,negative,0.0799,0.2939,0.6262
   Mwaka mmoja wa Rais Magufuli na mkwamo wa elimu yetu,negative,negative,0.2541,0.1856,0.5603
   Umeondoka kimya kimya mzee wangu Sijapenda Time ingeruhusi ningetumia Usafiri Kutoka kwa Hawa,neutral,neutral,0.3996,0.5676,0.0327
Watu wengine hawatakupenda hata ufanye nini na watu wengine hawataacha kukupenda hata ufanye nini Nenda mahali penye upendo,positive,neutral,0.3675,0.5948,0.0377
 Hata kama ukiwa mjanja wa kila jambo huwezi kwepa usingizi na kifo,positive,positive,0.4859,0.4796,0.0345
Tuna Ofisi za Usajili kwenye kila Wilaya Mkoani DaEsSalaam na Mikoa yote ya Tanzania fika kwenye Ofisi yetu ya usajili Wilaya unayoishi tuweze kukuhudumia au fika kwenye Ofisi ya Serikali ya Mtaa unaoishi kwa maelekezo zaidi,neutral,positive,0.6034,0.3744,0.0222
Watu 12 wamefariki na wengine kuokolewa wakiwa salama baada ya Toyota Hiace kutumbukia Ziwa,negative,negative,0.0027,0.007,0.9903
   wa SerikaliDkt Hassan Abbasi Leo ametembelea Shirika la ReliTRC kujionea ujenzi wa Stesheni ya kisasa ya SG,positive,negative,0.1831,0.2489,0.568
   airphone mwenda alikuwa hasikilizi mtu skeletoni muhusika kwenye picha ni marehem grass ya damu kuna,neutral,negative,0.089,0.3313,0.5797
Mwenyekiti wa Jumuiya za Tawala za Mikoa ALAT Gulamhafeez Mukadamu kulia akipokea mfano wa hundi ya Sh milioni 100 kutoka kwa Meneja wa NMB Kanda ya Kati  Nsolo Mlozi kama udhamini wa mkutano Mkuu wa Mwaka wa ALAT unaotarajiwa kufanyika kuanzia wiki ijayo Jijini Dodoma,neutral,negative,0.1632,0.1855,0.6513
Tafadhali tunaomba namba uliyofanya swap na namba mpya kwa msaada zaidiSuzy,positive,positive,0.5845,0.3921,0.0234
Hongereni sana,positive,positive,0.4054,0.3374,0.2572
   Shangazi yake Bashite Prof Ndalichako huo uprofesa aliupataje Alifundisha kabisa Chuo Kikuu Halafu chuo kikuu wahitimu wan,neutral,negative,0.1179,0.1847,0.6975
   Karibu sana kwenye banda la ambapo utakutana na wataalam wa uchechemuzi wa maswala ya sekta ya uziduaji W,neutral,positive,0.6695,0.3116,0.0189
Ni haki ya Vyombo ya habari popote Nchini kukosoa na kuirekebisha Serikali kwa haki pasipo kutumia lugha za kichochezi wala Dhihaki ,neutral,neutral,0.4567,0.5046,0.0387
je unadhani nani kuondoka na ushindi ndani ya Hungarian GP Usikose kutazama mashindano haya leo live kuanzia saa 10 jioni kupitia SS2,neutral,neutral,0.4514,0.5319,0.0167
   Tangazo Je wewe ni cartoonist animator radiotv presenter au meme creator Kama jibu ni ndiyo basi tunaweza kuwa na,neutral,neutral,0.3343,0.6412,0.0245
Wasanii mnaleta trafficme siwahafikinyie wanafikinawameza ka meli Atlantichajaelewa nini sasa,negative,positive,0.5122,0.446,0.0418
Swali zuri sana Nawatafuta wajuzi wa mambo watuambie,neutral,positive,0.5159,0.4367,0.0474
Waziri Mkuu Majaliwa Kassim Majaliwa amesema sekta ya utalii nchini imeendelea kukua ambapo kumekuwa na ongezeko la watalii zaidi ya milioni 195 Soma zaidi gtgt,positive,neutral,0.4366,0.5356,0.0278
   Twitter ingekuwa kama ilivyo kwa WhatsAppfb na IG saiv najua ndugu yangu angekuwa yuko ICU anapumulia mipira,neutral,negative,0.0979,0.4303,0.4719
   Dar to Kigoma ni Karibu ila sasa Kigoma to Dar ni mbali aiseeafu tren sasaumelipa Go and Return,neutral,neutral,0.4407,0.5258,0.0334
Habari mdau Tunakupongeza kwa kuibua maoni chanyaJK,positive,positive,0.5788,0.3853,0.0358
   Ukipita kwenye mabanda ya maonesho Mnazi mmoja ya Nishati Mbadala ya mkaa utamkuta karibu upate mafunzo na uwe,positive,positive,0.6025,0.3709,0.0266
   Mashambulizi yazidi huko Gaza huku raia wawili wa Israel wakiuawa nao Wapalestina kadhaa kujeruhiwa,negative,negative,0.0916,0.1553,0.7531
   Hapa Naliaaaa nna michango minne harusi mwezi ujao halafu wote wamenistua mwezi huu what happened kwenye ile kupea,neutral,neutral,0.3785,0.5956,0.0259
Nimeulizia Sua mna matrekta mangapi nikaambiwa mengi yalikufa nimemuuliza makamu mkuu wa chuo amesema amefufua 4 Mimi nitawaongezea matrekta mengine 10 Nataka dhamira ya baba wa taifa kuanzisha chuo hiki itekelezwe kwa vitendo sio maneno tuu,positive,neutral,0.08,0.4984,0.4215
Kufungua akaunti ya akiba inabidi ufike tawini ukiwa na barua ya utambulisho kutoka kwa afisa mtendaji kivuli cha kitambulisho chako picha 2 ndogo zenye kivuli cha bluu na kianzio cha 50000 Lini utakuwa tayari,neutral,neutral,0.3856,0.5894,0.025
Tufahamishe changamoto uliyopata tufanyie kazi,neutral,neutral,0.3148,0.4676,0.2175
 Mkutano wa 16 wa wadau wa Pamba mkoani Mwanza kujadili maendeleo changamoto fursa na mikakati ya kukuza maendeleo ya zao la pamba nchini,neutral,positive,0.5854,0.3743,0.0402
Namba hii imesajiliwa kwa jina la PAULINE MKUNGU tarehe 2252017 kwa namba zote mpya hazisomi hadi zisajiliwe kwa alama ya vidole ila namba za zamani zitaendelea kusoma na wateja wamepewa muda hadi 30 December,neutral,neutral,0.0702,0.8778,0.052
Kutokujali afya yako ni ubinafsi wa hali ya juukabla hujafanya maamuzi ya kufanya mapenzi bila kondomu na mtu ambae hamjapima afya zenu fikiria wangapi wanakutegemea nyuma yako,neutral,neutral,0.4411,0.5341,0.0248
   Nataka kuongea hapa na Rais wetu aliyopo Ikulu anayeitwa kupitia tweets tatu Wana mmelala Can i speak,positive,positive,0.565,0.412,0.023
Vijana waliohitimu mafunzo ya Jeshi la akiba Mgambo wilayani Geita wameiomba Serikali kuwapa kipaumbele katika fursa za ajira za ulinzi zinazojitokeza Mkuu wa Wilaya ya Geita Herman Kapufi alikuwa Mgeni rasmi katika Hafla hiyo,neutral,neutral,0.1607,0.7782,0.0611
   Tunaahidi kuendelea kushirikiana na mataifa yote Dunia ili kuwa na umoja imara  Rais https,positive,positive,0.5536,0.4009,0.0455
Tunapenda kukufahamisha kwamba tulikuwa na maboresho upande wa tigo pesa lakini huduma za tigo pesa zimerejeshwa tayari unaweza ukatumia huduma kama kawaida,positive,positive,0.615,0.3555,0.0295
   Ni kosa gani mpenzi wako akifanya huwezi kumsamehe,negative,neutral,0.2346,0.4828,0.2826
Vizuri sanaSasa na sisi ndo tunajifunza kwa kutegemea lugha ambayo sio yetu kwa maana ndo ina kila kitu,neutral,neutral,0.3708,0.6077,0.0215
Ni Easy na EzypesaBabe Tumia Ezypesa na Ushinde,neutral,positive,0.4593,0.4144,0.1263
   Matajiri wanakuwa masikini masikini wanakuwa matajiri wanyonge wa jana leo ndio wenye nguvu Sayari zinazunguka m,neutral,negative,0.0968,0.1565,0.7466
Mpendwa Hamad tumezungumza na Jamal ametueleza changamoto anayokutana nayo na kumpatia maelezo ya kutosha ambayo atayafanyia kazi kama una namba yako ambayo haijarudi mpaka leo unaweza kutupatiaJuma,neutral,neutral,0.4427,0.5308,0.0265
Kutengeneza urafiki Fahamu kuwa watu wanaitaji kujifunza na kufurahi hapa twitter hivo basi unapoitaji kutweet kitu katika Timeline yako na unaitaji watu wavutiwe nayo hakikisha inakuwa inatoa thamanivalue kwa watu wako Zingatia pia vitu vifuatavyo ,positive,neutral,0.15,0.8138,0.0362
   Vile Raisi wa Wapwa akichunguza Baraza lake la Mawaziri CC Waziri Mkuu ,neutral,positive,0.5511,0.4037,0.0452
Chukua chako mapema Ngoja ngoja ya nini wakati umeshashinda Cheza ulipwe Papo Hapo baada ya mechi kuisha,positive,neutral,0.2761,0.6949,0.029
   Ndugu Zangu Nimekuja Tena mbele Yenu wiki hii Kuomba Retweets Zenu niweze kujishindia Simu ya Tecno inayotolewa na,neutral,neutral,0.3763,0.6021,0.0216
   Wakati Mungu Akiendelea Kufanya Kila Jambo Kuwa Jepesi Kwetu Tusiache Kumshukuru Na Kumuamini Yeye Kila Wakati,positive,positive,0.494,0.4615,0.0445
umelipia tarehe gani ndugu mteja au tunaomba jina kamili ambalo umetumia kuomba umeme,positive,positive,0.5163,0.4554,0.0283
Peter Sarme tunapenda kukufahamisha kwamba wewe ni mteja wa malipo ya baada na umesitishwa kutokana na kuchelewa kulipa huduma yako tunaomba ufanye malipo yako ili uweze kupatiwa huduma kama kawaidi tafadhali,negative,neutral,0.4612,0.5182,0.0206
Habari Ahsante kwa uvumilivu wako pole sana kwa changamoto uliyoipata Huduma ya internet sasa imerejea Tunaendelea kuomba radhi kwa usumbufu uliopata Vodacom tuliahidi kufidia MB zako na tulishakamilisha hilo tangu siku ya tatizo Ahsante,neutral,positive,0.5381,0.4441,0.0178
hakuna raha kusemwa ambacho hujakifanyakuna mtu alisema haters are part of your marketing team,neutral,neutral,0.2702,0.684,0.0458
Habari za muda huu Tunashukuru kwa maoni yako tutayafanyia kazi hiyo ni moja kati ya vigezo na masharti ya SportPesa katika kubashiri Mechi ikiahirishwa au kutochezwa tunasubiri ndani ya masaa 72 kupata taarifa na tarehe mpya kucheza CM,neutral,positive,0.5275,0.454,0.0185
   Sister sema huu mzigo ungepata udhamini ukasogea kwenye Kichupa kama vile  ,neutral,neutral,0.4629,0.5004,0.0367
Wachezaji wetu ambao leo wakuwa dimbani,neutral,positive,0.5551,0.3657,0.0792
   Kambi hii maalum ya watoto inaandaliwa na binti mdogo mwenye miaka 11 pekee MzaziMlezi mlete mwanao apate elimu,neutral,neutral,0.308,0.4342,0.2578
   Mtakula kwanza ndiyo muende kwenye mabango au mtaendea kwenye mabango kabla ya kula ,neutral,neutral,0.4231,0.5479,0.029
   Zabuni za ujenzi wa hoteli ya nyota 4 na maeneo ya biashara kwenye jengo la 3 la abiria JNIA JNIATBIII jijini Dar es sala,neutral,neutral,0.3867,0.5743,0.0389
Asante kwa kutembelea kurasa yetu  CM,positive,positive,0.5826,0.3876,0.0297
Kama wewe ni mtumiaji wa Instagram Tunakukaribisha kwenye ukurasa wetu wa Instagram wa,positive,positive,0.653,0.322,0.0251
   Tunashukuru kwa kutuletea yaani uwezo wa pesa zetu upo viganjani mwetu Tunaweza kulipa mitandaoni kuw,positive,neutral,0.306,0.6661,0.0279
Mimi sijui kwanini mnahusisha pombe na stresspombe ni starehe kama kahawa tuna ukweli usioujua wanaokunywa pombe kutoa stress sio wanywaji wa mara kwa mara,neutral,positive,0.5196,0.4547,0.0257
Weka taarifa zako kama jina uliotumia kuomba kuunganishwa mbezi sehemu gani umelipia kiasi gani na lini bila kusaau namba ya simu,neutral,neutral,0.3452,0.6397,0.0151
   Tanzania inasema tupo vizuri lakini kiuhalisia hali ni mbaya pesa za Corona takribani TZS 154 Bilioni zilizokusanyw,negative,positive,0.5704,0.4087,0.0209
Februari 14 kila mwaka mataifa mengi duniani huadhimisha siku ya wapendanao,neutral,negative,0.1106,0.3056,0.5838
Dudubaya ashikiliwa na Polisi gtgtgt,negative,neutral,0.3581,0.3782,0.2637
   TATIZO NI TIMING Kuna jamaa angu 1 anaitwa Toni anaishi shinyanga ni mtu wa watu sana Ikifika weekend unakuta kuna wazee,negative,negative,0.0918,0.1566,0.7516
   leo unakuja na swali kwa wanahabari Nadharia inaonyesha kuwa wanahabari wanawake ni wengi katika vyumba vya,neutral,positive,0.5421,0.4212,0.0367
Asante kwa taarifa mteja wetututafuatilia kama inatuhusu tutaifanyia kazi,neutral,positive,0.6285,0.3531,0.0184
Je wajua Kubusukissing hutoa Oxytocian kwenye ubongo homoni ambayo inaimarisha uhusiano wa kihemko kati ya watu wawili ili kuongeza furaha katika maisha yao Lets kiss each other,positive,neutral,0.2965,0.6785,0.025
   Tulisikia kilio chake tukamhudumia  sasa anatembea vizuri baada ya kumfanyia upasuaji mkubwa wa Nyonga Sasa anaweza,positive,positive,0.4941,0.477,0.0289
   Anayekunywa Wine na anayekunywa gongo wote wanatafuta kulewa,neutral,neutral,0.3,0.4167,0.2833
   Hili Ebola ni jambo ambalo mimi sipendi litokee wakati nikiwa Waziri na hata kama nisipokuwa Waziri wa Afya maana tutashi,negative,positive,0.5552,0.3973,0.0475
Mnyama mkali anatufungia bao la tatu,neutral,neutral,0.3359,0.4727,0.1913
Habari tunashukuru kutuandikia kuhusu suala hili tutalifanyia kaziJuma,neutral,positive,0.5137,0.429,0.0574
   Maandalizi Wadau kutoka Kamati ya Maandalizi wajadili tukio kubwa la sekta hii mwaka huu Wakutana na waha,neutral,neutral,0.3761,0.4962,0.1277
   Mahusiano ya mbali yatadumu tu iwapo utakuwa unatuma pesa lakini kama hautumi pesa yatabaki kuwa historia,neutral,neutral,0.3048,0.5571,0.1381
   Katibu Mkuu wa chama tawala Kenya Jubilee Raphael Tuju amepata ajali katika eneo la Magina barabara kuu ya Nakuru N,negative,negative,0.0031,0.0095,0.9873
   Shemeji Lucy hakutia neno kabisa Scene moja mje Zenji basi eti Madam Producer Oyaa hii haha,neutral,neutral,0.1248,0.8134,0.0618
Tumeshakufollow tafadhali tutumie taarifa zakonk,neutral,neutral,0.379,0.5164,0.1046
Tafadhali tufahamishe namba yako ya simu ambayo tunaweza kuwasiliana na wewe kwa taarifa zaidi Tunaomba namba hiyo kupitia DM link,positive,positive,0.5432,0.4383,0.0185
Nakujuza kama hujui kuhusu Instagram kuna Emoj hii ukiitumia Kwenye post zako mara kwa Mara Basi account yako unaweza kuipoteza kwa kufutwa kabisa na wamiliki wa instagram,neutral,positive,0.5195,0.4603,0.0202
   Nani yupo online muda huu tumuinue Weka handle kisha retweets tuupigee mwingi na followers now,neutral,neutral,0.3225,0.6527,0.0248
hassan tunaomba tufahamishe kifurushi chako ulijiunga lini,neutral,positive,0.548,0.417,0.035
Nickson Karibu Zantel ufurahie huduma n bidhaa kwa gharama nafuu zaidi,positive,positive,0.5678,0.4048,0.0274
Mbona umetag mimi hao wadada hujawatag,neutral,neutral,0.2517,0.4518,0.2965
Je wajua Kuwa Simba baada ya kumuwinda swala na kugundua kuwa swala aliemkamata ni mjamzito kwanza anamtoa mtoto tumboni na anajaribu kumtikisa kidogo ili awe katika hali yake ya uzima Baada ya hapo simba hupoteza hamu kabisa ya kumla huyo swala aliemuwinda,neutral,negative,0.1088,0.327,0.5642
Habari Bizman ondoa shaka tutakuelekeza Soko la OVERUNDER Unatabiri kama jumla ya magoli yatakayofungwa kwenye mechi yamezidi au yapo chini ya namba iliyotajwa 05 15 25 35 45 55,neutral,neutral,0.2466,0.7386,0.0148
Na mizuka yangu ila sipendi kukaa sehemu yenye mziki mkubwahata kama starehe mtuwekee mziki wa kawaida tupige hata storindo yale ya unamtongoza mtu DJ anazima mziki ghafla unasikika NAKUPENDAAA wote wanakugeukia,neutral,neutral,0.3473,0.6255,0.0272
Habari tunaomba namba yako kwa msaada zaidiKA,positive,positive,0.5858,0.3923,0.0218
 hutuhudumia sote duniani kwa Kuzuia mizozo Kuwapa chanjo watoto Kulinda wakimbizi Kulisha,positive,positive,0.5269,0.4368,0.0363
Ingia hapa upakue app ya Twenzao hii itakusaidia kupata usafiri ukiwa town na pia safari za mikoaniinakutanisha wenye ndinga na wasio na ndinga kisha mnashea ndinga kupunguza gharama,neutral,neutral,0.2727,0.707,0.0203
Makamu wa Rais Samia Suluhu ameongoza wakazi wa mji wa Dodoma katika Maadhimisho ya Siku ya,positive,positive,0.6068,0.3481,0.045
TAFITIUtafiti uliofanywa hivi karibuni umegundua vile unatumia zaidi vyakula na vinywaji vyenye sukari ndivyo unavyoongeza hatari ya kufa haraka Tiba Fasta 2018,negative,positive,0.5664,0.4041,0.0294
TENKI LINGINE LA MAFUTA LIMEANGUKA MAKAMBAKO    Kumekuwa na mfululizo wa matukio ya kuanguka kwa magari ya mafuta katika siku za hivi karibuni unadhani nini chanzo cha haya Picha na MICHAEL KATONA UHURU,negative,positive,0.4983,0.4742,0.0274
   Huwezi kumfurahisha kila mtu katika maisha yako,neutral,neutral,0.3724,0.5632,0.0644
Wizara kushirikiana na mejimenti ya Utumishi imefanikisha zoezi la kuwasajili na kuwahakiki watumishi wa umma 507026,neutral,positive,0.5841,0.3815,0.0345
Habari  tunaomba kufahamu changamotomaswali au maoni kupitia mtandao wetu wa Tigo tukuhudumie,neutral,positive,0.6724,0.3083,0.0193
   Moja ya Kitu Kinayumbisha Mahusiano na Ndoa Siku Hizi Ni Pesa Ni Kweli Pesa Hainunui Upendo ila Pesa Inanunua Chakula N,neutral,neutral,0.4755,0.498,0.0265
Elimu kuhusu Teknolojia Bora ya Uchenjuaji Madini isiyotumia Zebaki imetolewa Mkoani Geita kwa Wachimbaji Wadogo wa Madini,neutral,negative,0.1716,0.2242,0.6043
   Itakapotungwa sheria ya Wazee tutaweka kipengele cha kuwataka Jamii na ndugu kuwa na w,neutral,positive,0.5349,0.3923,0.0728
   Nawaambia haya machozi ya Watanzania yatakuja kumtia wazimu beberu mweusi Watu wanauliwa watu wanapotea watu wanajer,negative,negative,0.0126,0.0332,0.9542
   Nakumbuka nilikuwa nimetoka kumaliza chuoKatika kutafuta mishe nilikutana na mtu ambaye alikuwa mgeni na yupo kwenye ha,neutral,neutral,0.2249,0.7307,0.0444
   Siyo mbongo tena ukute ni mtu tuu mlikutana miaka 10 iliyopita sumvulachole huko,neutral,neutral,0.3708,0.6007,0.0285
Vile vile vodacom tuna vifurushi vingi sana kuna vya siku wiki na mwezi ambapo mteja atajiunga kifurushi anachohitaji sawa na matumizi yake au sawa na salio alilonalo kwenye simu yake,positive,neutral,0.369,0.6109,0.0201
   Fursa ina uhusiano mwingi na wakati na labda bahati nzuri Matokeo yanategemea sana juhudi,positive,positive,0.5354,0.4325,0.0321
   Kipindi nimerudi nyumbani Tabora nilifikia kwa baba mzazi japo walikwisha tengana na mama Nakumbuka mama aliniambia yule,neutral,negative,0.1223,0.2004,0.6773
Kurasa ya Mbele na Nyuma kutoka Gazeti la UHURU Novemba 13 2018 Jipatie nakala yako kwa Tsh1000 2018,neutral,neutral,0.2448,0.7365,0.0186
Bando lisikunyime Mamilioni Beti kwa App au Tovuti bila kutumia bando lako hata Mb 1 ukiwa Tigo au Vodacom Pakua App ubeti kwa raha mustarehe,neutral,positive,0.4976,0.4821,0.0203
   UTAFITI Ulaji wa mboga za majani amp matunda husaidia mishipa ya damu inayopita shingoni kwenda ubongo kufanya kazi vizuri na,positive,positive,0.5856,0.3844,0.03
Ahsante kwa kutembelea ukurasa wetu Tumia Ezypesa ushinde,neutral,positive,0.6549,0.3181,0.027
Habari gharama itategemea na aina ya akaunti ila kiwango cha wastani no TZS 10000 tu karibu sana,neutral,positive,0.5088,0.4697,0.0215
Tutoke kwenye police force tuhamie kwenye police serviceAskari wetu wanatumia nguvu kwenye kila kitu hadi kuagiza bia bar,neutral,neutral,0.0776,0.6037,0.3188
Unadhani nani atampiga mwenzie maBAO ya kutosha ndani ya dakika 90 Pata dakika za kuongea mitandao yote au Zantel kwenda Zantel na GB 1 ya kuperuzi mtandaoni bila kikomo cha MUDA ukiwa na tsh1000 tu Jiunge na BAO piga 14915,positive,positive,0.4959,0.4805,0.0236
   Poor drug adherence inafelisha sana watu wenye HIV amka Kunywa dawa kama ulivyoelekezwa na wataalamu,neutral,neutral,0.3972,0.5595,0.0433
   Utabiri wa Hali ya Hewa wa saa 24 zijazo kuanzia saa 3 usiku wa leo 29082018 kama unavyoletwa,positive,positive,0.543,0.4377,0.0193
   Dokta akiongea na Husna Mikidadi binti mwenye ualbino wakati akimalizia mkutano wake Mtwara jana jioni http,positive,neutral,0.4695,0.4871,0.0434
   Je unafahamu kwamba uwezeshaji wanawake kiuchumi huchangia kuboresha elimu afya na maeneo mengine muhimu kwa ustawi wa,neutral,positive,0.6209,0.3564,0.0227
Kikosi cha leo dhidi ya Kagera Sugar,neutral,neutral,0.3764,0.3897,0.2339
Haki ya Mungundo maana mwanangu mkubwa akisemaga anataka kuwa dokta nafurahiakatumize ndoto yangu,neutral,neutral,0.463,0.4786,0.0584
   Wengine ukiwatumia kalaki hata asante hawasemi and they wonder why hatuchangii watu Laki ni ndogo Iliniuma sanaa,negative,positive,0.5831,0.3828,0.0341
Viwango vyetu vya kubadilishia fedha za kigeni leo tarehe 17 Septemba 2018,positive,positive,0.5752,0.3971,0.0277
Habari Emmah Lizer Classic Pamoja sana Endelea kufurahia huduma za Tigo,positive,positive,0.6394,0.3334,0.0272
Tafadhali tunaomba kufahamu unapata changamoto ipi kwa msaada zaidi gt BM,positive,neutral,0.4236,0.5513,0.0251
Wachimbaji wa Madini ya aina ya Rubi wilayani Gairo wametimua mbio na kutelekeza madini ya viwandani aina ya Rubi Nut pikipiki na vifaa vya uchimbaji baada ya kuona msafara wa Mwenyekiti,neutral,negative,0.115,0.1364,0.7485
SPIKA WA BUNGE ALIPOKUTANA NA MAKAMU WA RAIS WA CUBA,positive,positive,0.5733,0.3662,0.0606
   Waziri asikitishwa amp utendaji wa Bodi amp Menejimenti ya kwa kutofanya maamuzi kwa wakati amp kusem,negative,positive,0.6229,0.3482,0.0289
    Waathirika duniani karibu 100000  Vifo karibu 3000  Ugonjwa umefika nchi 50  Afrika ni Misri N,negative,neutral,0.4121,0.5616,0.0263
   Mara baada ya kikao hiki tutakwenda kufanya kazi kwa kasi kubwa lengo ni kuhakikisha tunaisemea na kuitetea,positive,positive,0.6377,0.3331,0.0292
   City center ofice ni mtu aliposimama hata mhuri wa ikulu unapata haina gharama ngoma inakua nzito mn,neutral,neutral,0.3152,0.6536,0.0312
Tumepokea taarifa yako nasi tunafanyiakazi tutawasiliana na wewe hivi punde EC,neutral,neutral,0.4713,0.5014,0.0273
UTUMIAJI WA P2 ULIOPITILIZA utapelekea Kuzoofisha ukuta wa tumbo na kuharibu mji wa mimba sababu hii inaweza kupelekea Kutoweza kushika UJAUZITO huko Mbeleni FinallyTumia njia ya Uzazi wa mpango ulio mzuri kwa afya Epuka kujamiana bila kinga kama ujaoa Uoe,negative,neutral,0.2801,0.588,0.1318
Arachuga jana mmetisha sana kwenye Baridi lake sasa Shubaaamit,neutral,positive,0.5052,0.4514,0.0434
   Kweli kabisa ujakosea Tutapotea km kuku porini,negative,neutral,0.1869,0.4302,0.3829
   Changamoto ya Tax Refund inatokana na baadhi ya wadau kutokuwa waaminifu naomba baadhi ya wadau wafanye kazi kwa uaminifu,neutral,neutral,0.4502,0.5011,0.0487
kufanikiwa huna haja ya uso mzuri na mwili wa kishujaa lakini unahitaji akili ya ustadi na uwezo wa kutenda,positive,negative,0.285,0.327,0.388
kama kawa matokeo alioyapata jana ndio atakayokuja kuyapata leo mtakuja kunambia,neutral,positive,0.4784,0.4712,0.0503
   Lengo la MTAKUWWA kupunguza ndoa za utotoni kutoka asilimia 47 hadi 10  ,neutral,neutral,0.4499,0.5083,0.0418
RBF UMMY MWALIMU via,neutral,neutral,0.3143,0.4138,0.2719
   Utabiri wa Hali ya Hewa wa saa 24 zijazo kuanzia saa 3 usiku wa leo tarehe 27062018,neutral,positive,0.5071,0.4719,0.021
Bahati mbaya hii gari ingepata ajaliwamiliki wapunguze tamaa na wizara iweke standards ya gari za kubeba wanafunzi na kuhakikisha zinafuatwaGari nyingi ni mbovu,negative,negative,0.0045,0.0225,0.973
   Neno connection limejipatia umaarufu katika siku za hivi karibuni hasa kila mara inapotokea picha au video za uchi zi,negative,neutral,0.0938,0.6983,0.2079
Tafadhali tupatie namba yako ili Wataalamu wajue nini shida Kama ni tatizo la kiufundi litapatiwa ufumbuzi Wapo wengi waliokuwa wakilaumu sysytem yetu lakini baada ya ufuatiliaji ikagundulika kuwa ni matumizi yao ndio yanayomaliza Bundle,neutral,negative,0.1014,0.3567,0.5419
   Kaya ya Mwanaume kwa desturi zetu ndio ina haki kwa 100 katika kurithi mirathi na mwanamke unakuwa umekuja tu kuolewa,neutral,negative,0.0891,0.187,0.7239
   Mwaka 2005 nilihitimu chuo cha ualimu Kabanga kilichopo mkoani Kigoma Sikukaa muda mrefu mtaani mwaka 2006 nilifanikiwa,positive,negative,0.0074,0.0662,0.9264
   Dengelesi sikuiz umekuwa na tujitu twingi twa kizungutu lunch tu dinner saiv tu brekfastsema tumshukuru shemegi Kasa,neutral,negative,0.103,0.3391,0.5579
SAHIHISHO Ni makubaliano kati ya walimu na wazazi na wakati mwingine wazazi wenyewe ndio wanapendekeza kutozwa faini kama mkakati wa kuzuia utoro kwa wanafunzi  Tunakushukuru kwa jicho la fundi saa,neutral,neutral,0.4617,0.5119,0.0265
WAZIRI MPINA NITALAANIWA,negative,positive,0.3917,0.3712,0.237
Zitto akoga mashambulizi ya Spika Ndugai gtgtgt,neutral,neutral,0.3716,0.4212,0.2071
   It is good mtu anaoaanaolewa ila pia asisahau kila mtu ana changamoto anapitia maishani Ata kama hamna changamoto kucha,neutral,neutral,0.2083,0.7656,0.026
Ndo maana katika Dini ya kiislam katika Quran Takatifu Surat alaq 961Soma kwa jina la Mola wako aliyeumba 963Soma Na Mola wako ni Karimu zaidi 964Ambaye amefundisha kwa kalamu 965Amemfundisha mtu aliyokuwa hayajui,neutral,neutral,0.293,0.6849,0.0221
Habari ndugu mteja tungeenda kujua unapata shida gani wakati wa kutumia huduma zetu,neutral,neutral,0.3726,0.6045,0.0229
wa taarifa hiyo akiwa ameambatana na Katibu Mkuu Dkt Hamisi Mwinyimvua na Menejimenti ya Wizara pamoja na Taasisi zake Wizara ya Nishati kupitia TANESCO inaendelea kutekeleza miradi mbalimbali ya kimkakati ya umeme ikiwemo ya kuzalisha umeme usafirishaji umeme katika,positive,positive,0.6823,0.288,0.0297
Habari Ahsante kwa kuwasiliana nasi Naomba nikufahamishe kwamba vifurushi vya ofa kwa ajili yako ni vifurushi zinazo badilika badilika mara kwa mara hivyo unatakiwa kujiunga na vifurushi vilivyopo kwenye menyu yako Ahsante OE,positive,positive,0.6116,0.3713,0.0171
Ili uweze kufanikiwa inabidi uwe na kitambulisho changamoto chuolabda utufahamishe hiyo meseji kwa ujumla,neutral,neutral,0.2155,0.7078,0.0767
KOMESHA UKATILI Kwenye vyombo vya usafiri wa umma,positive,neutral,0.3144,0.415,0.2707
   Tuna utajiri mkubwa Sana wa mawazo Ila namna yakuwasilisha na kuyafanyia kazi ndo kinachotufelisha,positive,positive,0.58,0.391,0.029
Vigezo vya kufungua akaunti ya Akibabarua ya utambulisho kutoka serikali za mtaaPicha mbili passport size 22 zenye ukutakitambaa cheupe nyuma kitambulisho kimoja wapo kati ya cha kuraleseni ya uderevapasi ya kusafiria au cha taifa na TZS,positive,positive,0.5083,0.4652,0.0265
DKT KALEMANI ATANGAZA NEEMA NYAMAGANA Veronica Simba  Mwanza Waziri wa Nishati Dkt Medard Kalemani ameliagiza Shirika la Umeme Tanzania TANESCO kuwaunganishia umeme wananchi wa mitaa 14 ya Kata ya,positive,positive,0.6556,0.3229,0.0216
   Nimeandika sikitiko langu juu ya kuonewa kubezwa na kukandamizwa walimu na ualimu Kama isingekuwa mwalimu Magufuli as,negative,positive,0.5949,0.3775,0.0276
   Mwisho wa Michongo Kibao Wowzi Inaileta Kama Una App nenda Kacheki Invitations Kuna Mchongo wa Netflix FB na wa Wowz,neutral,neutral,0.332,0.6477,0.0202
   Demokrasia ni kupishana mitazamoas u did enzi za JPMKuna wanaosifia na wanaokosoaMarekani kuandamana sio kosa Tuesh,neutral,negative,0.1085,0.1736,0.7179
Wamiliki wa sehemu za starehe tunaomba muheshimu privacy zetu basisio kila mtu anapenda kutambulika yuko eneo lako wala kupost picha zake kwamba alikuwepo,negative,neutral,0.148,0.8172,0.0348
Jambo gani litakufanya uwe na furaha kama ya Rashford Funguka,neutral,positive,0.4975,0.4581,0.0444
Pokea Matangazo Yetu ya Moja Kwa Moja LIVE Kutoka Dar es Salaam ambapo Kikao cha Mwenyekiti wa CCM na Viongozi Mbalimbali wa Jumuiya za Chama unafanyika Pia Matangazo haya Yanapatikana kupitia App yetu amp tafuta Channel Ten Tz,positive,positive,0.5222,0.4574,0.0204
   Sekta ya mawasiliano ya simu ni nguzo muhimu katika kukuza uchumi,neutral,positive,0.6252,0.3476,0.0271
   Tumemuandikia barua Rais achukue hatua asije baadaye akatulaumu wapo wadau wengi napozungumza maridhiano simaanishi,neutral,neutral,0.1436,0.4365,0.4199
   Japo huwauwa viumbe watakao mchokoza ila Tembo yeye hali nyama,neutral,neutral,0.3358,0.5329,0.1313
   Ni jukumu letu wote kuwalinda watoto na kuwapa haki zao za msingipamoja na kutoa ulinzi,neutral,positive,0.5906,0.3788,0.0306
   Kitu kipya kbs nimeingiza kwa ubongo yangu Thnx ver much br,positive,neutral,0.3962,0.5321,0.0717
Mseng yulena nikimiliki bastola naanza nae kumtoa ukilemaalitaka nipotelee jela kifala,negative,negative,0.1349,0.3503,0.5148
 Haya ndiyo maisha niliyokulia in case I dont match your standards,positive,neutral,0.2298,0.7248,0.0454
Mamlaka ya Mawasiliano Tanzania TCRA kwa kushirikiana na watoa huduma za mawasiliano ya simu wanakutangazia kuwa kuanzia MEI MOSI mwaka huu 2019 watumiaji wote wa simu za mkononi,neutral,positive,0.5268,0.4379,0.0352
Wajanja wote waliopata chanjo ya Uviko 19 wanakiri kupata kero ndogo ndogo siku za mwanzoni kama homa na kuumwa kichwa Tofauti na hapo mambo ni burudani kama kusukuma mlevi kwenye mteremko,negative,positive,0.5004,0.4731,0.0264
   Je Wajua Tigo Pesa inahudumia Watanzania zaidi ya milioni 76 na imedhamiria kuhakikisha Watanzania wengi zaidi wan,neutral,neutral,0.4788,0.499,0.0222
   imebaki siku moja kwenda mazinyungu kwa lengo la kuwasilisha Mahitaji napenda kuwakumbusha wale wote mlioweka ahadi na,neutral,positive,0.5664,0.4003,0.0332
   Uhuru Jumatano Januari 29 2020,neutral,neutral,0.2712,0.576,0.1528
   Mtihani mkubwa sana huu jamani turudi katika maadili yetu,positive,positive,0.5289,0.4256,0.0455
   ulisema tunapambana kuondoa 1 Umasikini 2 Ujinga 3 Maradhi Ukiona inafaa tuongeze 4 Ukabila Teuzi na kazi ni k,neutral,neutral,0.2921,0.6817,0.0261
Wanafunzi wa Shule ya Sekondari Walla ya wilayani Kwimba mkoani Mwanza wakibeba baadhi ya viti na meza zake 184 ili kuvipeleka darasani baada ya kukabidhiwa kwaajili ya shule hiyo na Shule ya Sekondari Sumve ambapo vina thamani ya Sh 10 Milioni,positive,negative,0.0033,0.0378,0.9588
   Yeye ktk fikra zake anadhani upinzani ni genge la watu watano hvanadiriki kusema eti mtu anakuwa huru kwenda,neutral,neutral,0.1523,0.6441,0.2036
Tafadhali mteja wetu tunaomba utufafanulie maelezo vizuri ili tukuhudumie,positive,positive,0.5967,0.3831,0.0203
   Hongera kwa maswali yenye maslahi kwetu sotena huu ndio uzalendo sasa,positive,positive,0.6,0.3727,0.0274
Unapogundua una maambukizi ya VVU ni vyema ukaanza kutumia dawa za ARV mapemadawa husaidia kupunguza makali ya virusi,neutral,neutral,0.3054,0.6556,0.039
Mtu akishasema Nani ajilengeshe kwako direct ni KE If is really ME uezi jibu kwa stahili hio lazima ukanushe kwa1,neutral,neutral,0.1864,0.7818,0.0318
   Baada ya kusubiria sana hatimaye sasa imebakia siku moja watu wa Arusha mle minyamanyama uku mkipata burudani kadhaa,neutral,neutral,0.4576,0.4756,0.0668
 ya kesho itakuwa ni,neutral,neutral,0.4162,0.4291,0.1547
Mida ya kupata followers wengi Dondosha handle na retweet Kila mmoja afollow 30 now Tuwe siriazi tuinuane ukweli nafollow back retweet zote,neutral,neutral,0.286,0.6896,0.0244
Nyingine pia ni kupiga picha chakula hasa unapokula chakula kizuri ni dalili kuwa umekipata kwa bahati,neutral,neutral,0.3057,0.6066,0.0877
Karibu sana Weka vocha mara nyingi uwezavyo ujipatie nafasi ya kushinda simu za 4G pesa kirikuu boda na nyingine wajulishe na wengine,neutral,positive,0.5226,0.4588,0.0186
Ni lazima kuelewa kazi ya PESA kwa maana hiyo Kampuni ni Gari na Pesa ni mafuta na hauwezi kufanya chochote bila pesa  Mwandishi wa Vitabu na Muhamasishaji,neutral,positive,0.5968,0.3747,0.0286
Habari karibu katika ukurasa wetuTunaomba utujulishe endapo unapata changamoto yoyote unapotumia huduma zetu,positive,neutral,0.3089,0.6624,0.0287
   Wakati mwingine wakituambiamambo vipitunajibu Safi tuMaana hata tukiwaambia mbaya hawana habari na sisi,neutral,neutral,0.435,0.517,0.0479
Klabu ya Simba imetozwa faini ya milioni tatu kwa kuingia uwanjani wakitumia mlango usio rasmi lakini vilevile kutotumia njia maalum iliyowekwa kwa ajili ya kuingia kwenye eneo la kuchezea Adhabu imetolewa kwa kuzingatia Kanuni ya 14 49 ya Ligi Kuu kuhusu Taratibu za Mchezo,negative,negative,0.18,0.194,0.626
   FURSAFURSA DOTTanzania inawaletea mafunzo ya biashara kwa njia ya kidigitali Dijiti mafunzo ni BUREEE kabisaaa,neutral,positive,0.6193,0.3491,0.0316
   Baada ya hafla ya bomba la mafuta lunch na Mzee Kinana our esteemed CCM SG at Capuccino my favourite local joint near Tan,positive,negative,0.0374,0.2332,0.7294
Asante kwa taarifa tunaweza kupata namba ya simu au namba taarifa,positive,positive,0.6265,0.359,0.0146
   Uongozi wa Kampuni ya Lugumi Enterprises Limited unapenda kumpongeza Rais wa Jamhuri ya Muungano wa Tanzania Samia Sulu,positive,positive,0.6281,0.3436,0.0283
Niligundua kuwa Tanzania tuna madaktari wengi afu wapo mtaani kpnd cha Corona ipo Nawatoa takwimu ss nkasema kumbe na wasomi wengi wapo mtaani tena Na watoa ushauri ss,neutral,neutral,0.0964,0.8482,0.0554
Huwezi kurudi nyuma na kubadilisha mwanzo lakini unaweza kuanza hapo ulipo na kubadilisha mwisho,positive,positive,0.5814,0.3973,0.0213
Mimi ni mama na nina wajukuu Nilianza kuuza mitumba mwaka 1991 kwa mtaji wa elfu ishirini Baada ya hapo,neutral,neutral,0.0989,0.4783,0.4228
   Mmomonyoko wa maadili uliochangia ongezeko la wanaume wakware katika jamii unasababisha watoto wa kike kukosa elimu W,neutral,positive,0.5317,0.4129,0.0554
Icho kipara ni cha youth,neutral,neutral,0.3472,0.4527,0.2001
Ukisikia jaza ujazwe ndio hiii umetoka kuchoma chanjo ya kirusi cha Corona marapaap Kirusi cha Delta hichodaaah,neutral,neutral,0.47,0.4795,0.0505
adamu mzinga pamoja sana tigo live itlove it,neutral,positive,0.5564,0.3913,0.0523
   Rais Mstaafu wa Awamu ya 3 Benjamin Mkapa amesema moja ya viunzi alivyofanikiwa kuruka katika uongozi wake ni kile cha k,positive,neutral,0.4656,0.5026,0.0319
la Nishati la Jumuiya ya Afrika Mashariki Kikao hicho kimefanyika kwenye moja ya kumbi za mikutano ya EAC jijini Arusha Katibu Mkuu amepokea taarifa ya majadiliano ya ngazi ya wataalamu yaliyofanyika kwa siku tatu kuanzia Juni 3 hadi 5 mwaka huu,neutral,negative,0.0538,0.3568,0.5894
   Kamwe usitembee na mke wa rafiki yako kwani unajiweka kwenye kifo,positive,positive,0.4797,0.479,0.0413
   Usitukane wakunga na uzazi ungalipo,neutral,neutral,0.3813,0.4127,0.206
Taarifa ambazo tumezitoa hapo awali inawezekana kupatia mteja kwa njia hiiJB,neutral,positive,0.5462,0.4244,0.0295
   Ile leo ndo imeanza rasmi sasa na kutakuwa na matembezi kutoka Dodoma secondary hadi ukumbi wa jakaya kikw,neutral,neutral,0.4227,0.5496,0.0277
TAARIFA KWA VYOMBO VYA HABARI,neutral,positive,0.4569,0.4244,0.1187
   Joel lwaga sitabaki kama,neutral,neutral,0.3751,0.3927,0.2322
tafadhali acha kisimbuzi chako wazi ili huduma iweze kurejea weka chaneli namba 206 na tufahamishe kama umepata picha tayariSalim,neutral,neutral,0.396,0.5847,0.0193
Waziri Wa Afya Maendeleo ya Jamii Jinsia Wazee na Watoto Ummy Mwalimu amekagua utoaji Huduma za Afya katika Hospitali Teule ya Rufaa ya Mkoa wa Njombe na kubaini,neutral,positive,0.6606,0.3121,0.0273
Inakuwaje tunachangia hela ya vitabu kila mwaka na vitabu hawapewi hata vije viwasaidie wadogo zao vinabaki shulekweli ni kiherehere chetu ila mnatuumiza,neutral,negative,0.1043,0.3887,0.507
Huwa inauma aisee upost kitu ucpate like Wala comments Unahis Kama ujumbe ujafika Hio ndo changmoto aisee But lengo ni ufurah na ujumbe ufike Kwanza nkimlza kuandika najilike mwenyewe,negative,neutral,0.2589,0.7052,0.0358
Kabla hujabadilisha lugha ya kufundishia unatakiwa ubadili lugha ya icho utakacho kwenda kuwafundishavitabu vyote kuanzia vidudu mpaka chuona uwe na hao walimu wakufundisha hayo masomo kwa kiswahili,neutral,neutral,0.459,0.5155,0.0255
asante kwa kuwasiliana nasi na endelea kufurahia huduma zetu,positive,positive,0.6837,0.2958,0.0204
Kitu cha kujifunza zaid ili uweze kupata 1000 followers jihusishe sana na watu wenye account zenye followers wengi Kama na wengineo dFollow account kubwa na ndogo Retweet content zaofollow them wacheki DM,neutral,positive,0.5534,0.4227,0.0239
Ambindwile JrTunapenda kukujulisha kuwa huduma ya voicemail utajiunganisha kwa kuandika katika uwanja wako wa message Voicemail kwenda namba 15905,neutral,positive,0.582,0.3946,0.0234
   Mubashara Fuatilia matangazo ya moja kwa moja Siku ya kwanza ya Mkutano wa kwanza wakimataifa wa Uwekezaji katika Sekt,positive,positive,0.4995,0.4678,0.0327
   Utabiri wa hali ya hewa wa saa 24 zijazo kuanzia saa 3 usiku wa leo 01072018 kama unavyoletwa kwenu na,neutral,positive,0.5318,0.4477,0.0205
aka ipo kwa hewa na anakusababishia mchanganyiko wa midundo ya ndani na nje,neutral,positive,0.5469,0.4047,0.0484
   Tunakukaribisha kukuhudumia kwa sababu tupo kwa ajili yako Tunawatakia maadhimisho mema ya wiki ya huduma kwa mteja,neutral,positive,0.6427,0.3365,0.0208
   Young people are leading the way in Climate Action Vijana wakitanzania ni wabunifu MNO Jana nimeshuhudia 3d Designs za,neutral,neutral,0.0887,0.7363,0.175
Asante Tumepata taarifa ya nguzo ya simu kulalia waya za TANESCO mafundi wetu wanahakikisha huduma inarejea kwa wakati,neutral,positive,0.6058,0.3707,0.0234
   SIKU ZIMEISHA,neutral,neutral,0.3331,0.3453,0.3216
   EazzyFX inakupa uwezo wa kujihudumia kubadili fedha za kigeni popote ulipo bila kufika kwenye matawi yetu Tembelea tovut,neutral,positive,0.6027,0.3707,0.0266
Matatizo ya kiufundi hutokea katika Mtandao wowote Pole kwa usumbufu tuvumilie wakati huu tunapotafuta ufumbuzi wa haraka,neutral,positive,0.5793,0.3931,0.0275
   Naomba niwashukuru sana uwepo wenu hapa na miezi minne ya Uvumilivu katika kufuatilia semina ya Fursa kupitia mikoa m,positive,positive,0.6492,0.3328,0.018
Ukiachana na ujingamaradhi na umasikini tuna wivuchuki na nyege sahivi lakini mimi nasisitiza vijana watumie kondomu wananiona kama nawaingilia maisha yaoYani hawana akili,neutral,neutral,0.1878,0.7872,0.025
Habari Maoni yako tunayafanyia kaziCF,neutral,neutral,0.4425,0.4951,0.0625
prosecutor  tunapenda kukufahamisha kua vifurushi vya SAIZI YAKO huwa vinabadilika mara kwa mara kwenye huduma kulingana na muda hivyo tunakushauri unaweza kuendelea kujiunga na ofa mbali mbali unazoziona kwenye laini yako,neutral,positive,0.579,0.4026,0.0185
Habari pole sana kwa changamoto Tumeshaifunga namba hiyo,neutral,neutral,0.4417,0.522,0.0362
 Netherland England UEFA Nations League Timu hizi zimekutana mara 33 England akishinda 14 Netherland 9 na sare 10 Nani ataungana na Portugal kwenye fainali  Bet uingie kwenye droo ya kushinda safari ya Nairobi,positive,neutral,0.4477,0.5255,0.0268
   Simpo endi klia ,neutral,neutral,0.3458,0.376,0.2782
   Kwa sasa waziri kivuli wa madini ni Mb nimekwisha mwelekeza kuhusu kampuni ya Twiga kwasababu kulipiti,neutral,positive,0.5383,0.422,0.0397
HemedyAli Kupata huduma za chuo tafadhali piga 14805 kisha fuata maelekezo kujiunga Ahsante,neutral,positive,0.5476,0.4242,0.0282
   Mashabiki wa Liverpool msisahau kuhusu mchango,neutral,neutral,0.3949,0.4674,0.1377
   Tunapewa support na watu wengi wasiotujua ila wanaotujua wanasubiri tufeli waanze kuthibitisha Maneno yao Si nilisema,neutral,neutral,0.1911,0.7556,0.0533
Rudolf NgalasonBado tuna vifurushi vyenye gharama nafuu piga 14700 kisha chagua sikuwiki au halichachi kuweza kujipatia kifurushi chenye thamani ya pesa yako,neutral,positive,0.5707,0.4067,0.0226
   Tatizo ni vyote viwili Lugha jumlisha ufundishaji mbovu mazingira duni a ukosefu wa nyenzo za kujifunzia Elim,negative,neutral,0.4496,0.5109,0.0394
   Mahala pa kazi unapaswa kupafurahia badala ya kujutia kuwepo hapo Hupaswi kunyanyaswa kazini iwe kuonewakutukanwakuombwa r,positive,neutral,0.4389,0.5235,0.0376
Reuben Alfred karibu katika ukurasa wetuunachangamoto yoyote unayoipata kwenye Salary Advance GK,neutral,neutral,0.4423,0.5212,0.0365
Hatamimi cjawahi kulala kias hki,neutral,negative,0.1955,0.3312,0.4733
   Mc mwenye hekima anafikiri kabla ya kurap na Mc mpumbavu anarap apate nyapu legendary bars,neutral,neutral,0.3451,0.6116,0.0433
Mbio za Mwenge wa Uhuru hutumika kufanya tathmini ya miradi mbalimbali ya maendeleo na fedha zinazotumika kutekeleza miradi hiyo,positive,negative,0.0766,0.1173,0.8061
   Karibu kwenye Episode ya 4 ya leo ikifika SAA TATU KAMILI kwenye feat FUNDI Kumbuka pi,neutral,positive,0.5107,0.4743,0.0151
UHURU MICHEZOFT Simba 21 AS VITA  13Kasenga 36Mohamed Hussein 90 Chama,neutral,neutral,0.1785,0.7776,0.0439
   Njia bora ya kutangaza biashara ni kumridhisha mteja usifikirie kuhusu radio wala Instagram mridhishe mteja,positive,positive,0.5996,0.3752,0.0252
Kwamba acha kunyonya maziwa ya mama yale ni ya mtoto wako Acha kabisa,neutral,negative,0.1095,0.2511,0.6394
Wametumbuliwa Baada ya mzozo wa muda mredu Hatimaye Rais Dr John Magufuli ametengua uteuzi wa Mkuu wa Wilaya ya Malinyi na Mkurugenzi wa Halmashauri ya Wilaya ya Malinyi Hatua hiyo imekuja siku chache baada ya,negative,negative,0.0804,0.1315,0.7881
   SEKINI Ni aina ya unyoaji wa nywele kwa kuacha nywele nyingi katikati na kuzipunguza sana za chini,neutral,negative,0.1021,0.2524,0.6455
   Matunda 7 muhimu kwa mjamzito 1 Machungwa 2 Maembe 3 Parachichi 4 Ndimu 5 Ndizi 6 Tufaha 7 Berries Cc,positive,neutral,0.286,0.6955,0.0185
   Afya  Habari Marketing Ucheshi Unene Wivu,neutral,positive,0.4633,0.4444,0.0923
Hatuna watu wakufanya mchakato huo sahivihili suala lina siasa ndani yaketuiboreshe tu hii tuliyonayo kwanza coz hata yenyewe imetushinda na vitu vyote vipo Imagine ndo tuanze vyetu vipya vya kiswahili,neutral,neutral,0.2621,0.7162,0.0217
Ahsante kwa kuliwasilisha tatizo lako hapamuamala wa malipo ya DSTV bado upo hewani kwa sasa kutokana na tatizo la kiufundi tulilokuwa nalosuala hili linafanyiwa kazi na mafundi wetu na tutakamilisha muamala huu mapema iwezekanavyo ma L,negative,negative,0.1084,0.3461,0.5456
Hongera naamini mtasaidia kuzuia mfumuko wa bei sokoni,positive,neutral,0.432,0.5108,0.0571
Habari asante kwa kutembelea ukurasa wetu unahitajika kutembelea kwenye ATM mashine ukiwa na kadi yako na uweze kusajili namba unayohitaji kuitumia sasa Unahitajika kuwa na kadi ya ATM kuweza kujisajili karibuTL,positive,positive,0.6539,0.3313,0.0148
Mfanyabiashara kuwepo bonanzani ni gharama piaunategemea bei iwe sawacost za bandausafiriwafanyakazi unazirudisha vipi,neutral,neutral,0.4041,0.5573,0.0386
   42 ya biashara zinazofanikiwa huwa wanapatia TIMING yani wanapatia MUDA sahihi wa kuanza au kufanya jambo TIMING haipo kw,positive,neutral,0.4536,0.502,0.0444
Kamanda wa Polisi kanda maalum ya Dar es salaam Lazaro Mambosasa amesema Jeshi la polisi limejipanga vyema kuhakikisha suala la Usalama linazingatiwa katika uchaguzi mdogo wa ubunge katika Jimbo la Ukonga unaotarajiwa kufanyika Jumapili Septemba 16 2018,positive,negative,0.1019,0.2485,0.6496
   SAIDIA MWANA APATE MCHONGO Anaemfahamu mchizi wa kuprint MIFUKO achape Handle apo tumuinue kijana mwenzetu ACHA ROHO,neutral,neutral,0.4578,0.5077,0.0345
Bwana weena wimbo naupenda unaitwa Calvary kama sijakoseajana nimedoulonidiwamapenzi raha aisee,positive,positive,0.5363,0.4134,0.0504
siku ya Jumapili 01032020 mechi hiyo ya fainali ya Carabao itakapochezwa pale Wembley Salim,neutral,neutral,0.3246,0.5902,0.0852
   Tunapokea malipo kwa kupitia njia mbalimbali kama inavyoonekana hapo Kwanini upate shida,neutral,neutral,0.4284,0.5474,0.0241
   Tajiri Hasikii Njaa,positive,negative,0.2422,0.3672,0.3906
Asante sana na kwa niaba yake tunasema asante sanaAmani,positive,positive,0.6532,0.3247,0.0221
   Kila mtoto katika mazingira ya shule anatakiwa kuwa salama na uwezo wa kushiriki katika mafunzo bila kuwa na hofu ya ukatili,neutral,positive,0.5934,0.3632,0.0434
   Truewamempotezea muda na kumuharibia brandaf wazir afanye kuifungulia na I am sorry JK ya,neutral,neutral,0.4519,0.4944,0.0537
   Katika kila TZS 1 ya Bajeti Senti 587 zinakwenda katika sekta 5 za Malengo Makuu ya SMZ,neutral,positive,0.5571,0.415,0.0279
Asante kwa kutumia huduma zetu tunathamini uwepo wako pamoja nasi live itlove it,positive,positive,0.6889,0.2941,0.017
Kama mtu ni mtani wako ina maana mnaijua mipaka yenuhamtofikia sehemu mvunjiane heshima,neutral,neutral,0.241,0.6761,0.0829
Maishani watu Wanakuja na kuondoka ila wale watu sahihi na wanaojua thamani yako watabaki haijalishi una mapungufu kiasi gani,positive,neutral,0.3954,0.5735,0.0311
   Tangazo Mjadala wa Artificial Intelligence AI katika Chuo Kikuu cha Dar Es Salaam Januari 31 2020 Eneo Kampasi,positive,neutral,0.1661,0.5327,0.3012
Ningependa pia kwa yule Mwenye uwezo Aweze kutoa Msaada pia Kwa wale wasio kuwa na Uwezo Msaada wa MalaziMavazi na Makazi Usichome Nguo Kuna watu wanahitaji Usitupe Chakula Kuna watu wanahitaji DunianiTunapita Na Kila Kitu tutakiacha Usi,positive,negative,0.1292,0.1684,0.7024
   Kuna wimbi la vijana kuendekeza starehe zaidi na kushindwa kuwekeza kwenye kazina mipango mingine ya maendeleo Je kuna a,neutral,negative,0.1669,0.3727,0.4604
   Kama unataka kufanya biashara katika karne hii ya 21 ni matumizi ya Teknolojia ukiogopa huwezi kuongoza soko wala kung,positive,neutral,0.2354,0.7318,0.0328
pole sana kwa changamoto hiyo ndugu mteja Tafadhali tuma DM namba ya simu yenye tatizo hilo kwa msaada zaidi DM,neutral,neutral,0.4625,0.5228,0.0147
   Utabiri wa Hali ya Hewa wa saa 24 zijazo kuanzia saa 3 usiku wa leo 02042019 Unaletwa kwenu na Mariana Materu,neutral,neutral,0.4739,0.504,0.0221
Kwa sasa ni tawi lingine tu la ccm kama mengine period wanafki tu,negative,neutral,0.1798,0.7543,0.0659
Unataka kunidondoshea agendaniache ninywe biawe ndo ulikuwa unamuogopakalegea sahivi ndo huogopi pambano,neutral,neutral,0.3884,0.5674,0.0442
   Tutasema mengi ila wako serious sanahebu ona hii collabo aisee ona mwenyewe,positive,neutral,0.1007,0.5595,0.3398
   Tumeamua kumuenzi kwa kupambana na vitendo vya rushwa wizi ubadhirifu wa mali za umma mambo ambayo,positive,negative,0.2394,0.3783,0.3823
Na tutawapataje tutapataje madini yaonkuptia muitikio wapo kama nimepost cha maana Mfano nilipost kuhusu ushaur unaeza mshaur mtu achkue kozi gan km ufaham tweet huenda wanaofhm wanajua Mm ataniwe na followers 10 Lkn nikipost kitu kikapokelewa am happy na idad ya foll,neutral,neutral,0.0753,0.6517,0.273
   Ukiwa huna hela unakula mawanga ya bei rahisi machapati mavitumbua maugali wali wa 200 nk lazima upate kiriba tumbo,neutral,neutral,0.3889,0.5789,0.0322
   Umepitwa na ThreadUzi nilizoandika Au unataka kuzisoma tena Basi usijali Bofya hiyo picha hapo chini itakupeleka mo,neutral,neutral,0.0842,0.5348,0.381
   Nimepata nafasi ya kufanya mazungumzo na kupitia askofutza tukielekea mwaka mmoja tangu tumpoteze mwenzetu,neutral,negative,0.1301,0.1854,0.6845
Habari hatujapokea picha ya kitambulisho chakoJuma,neutral,neutral,0.4009,0.4623,0.1367
   Nyie watajeni wote ila mimi sio tu ni mbishi nakuja na takwimu graph michoro video hadi ukitaka baloz,neutral,negative,0.0754,0.2844,0.6401
   Hatima yako itakuaje ni wewe mwenyewe ni kufanya maamuzi ili hatima yako isije ikawa mbaya hapo mbeleni usisubiri miujiza,positive,neutral,0.3144,0.6611,0.0245
   Habarileo Alhamisi Februari 6 2020,neutral,neutral,0.2357,0.619,0.1452
Moshi Hivi sasa tuko katika uboreshaji wa mfumo wa usambazaji wa huduma na bidhaa zetu ili wateja Wetu wapate huduma bora zaidi Zoezi likikamilika tutatoa mawasiliano ya mawakala Wetu Tunaomba radhi kwa usumbufu unaojitokeza,neutral,positive,0.6379,0.3369,0.0252
Machungu boss Wangu,negative,neutral,0.2948,0.3529,0.3523
Habari yako Tunashukuru kwa maoni Kwa sasa tuna bonus ya kumualika Rafiki na Bonus ukibashiri kwa usahihi mechi 1011 na 12 za Jackpot Je unapendekeza tuongeze bonus upande upi PA,positive,neutral,0.408,0.5767,0.0153
Kuna watu unaona kabisa kaibiwakuna wengine unaona kabisa hapana huyu binti alideserve more,neutral,negative,0.0084,0.032,0.9596
   Viongozi wote wa Kisarawe ni Vijana na tunapenda kuwakaribisha vijana kuja kutazama fursa Mfano Hatuna sehemu nzuri za Chi,neutral,positive,0.6093,0.3636,0.0271
Habari ndiyo kuna makato na gharama yake ni 10000 kwa muamala mmoja KaribuTL,neutral,neutral,0.3506,0.617,0.0324
   Kama ishu ni ladha kuna zenye vipele flani hivi Ni kama upo buchani tuu,neutral,neutral,0.2731,0.6956,0.0313
   EWE KIJANA AMKA KUMEKUCHA Ni asubuhi nyingine tena katika ulimwengu uliojaa fursa nyingi hususani za kilimo biashara T,neutral,negative,0.1181,0.3355,0.5464
Wakipitia Mpango kazi kabla ya shindano,neutral,neutral,0.3955,0.5131,0.0914
   Upo Single alafu unanunua Kitanda Cha Tano kwa Sita Si matumizi mabaya ya Fedha hayo,neutral,negative,0.1098,0.2639,0.6263
   Mchango wao naukumbuka daima Madaktar pamoja na jopo zima linalohusiana na uokoaji wa maisha yetu,neutral,positive,0.6365,0.3362,0.0273
 Hizi ni moja ya sababu kuu zinazopunguza ukuaji wa sekta ya kilimo nchini Tanzania,neutral,positive,0.5921,0.3764,0.0315
ya ni ngoma inayofanya vizuri sana kwa sasa Ngoma hii inapatikana ndani ya  Je unaipa asilimia ngapi Dondosha comment yako,neutral,neutral,0.4684,0.5135,0.0182
   Rais Dkt akiwa na Mkewe Mama Janeth Magufuli Mbunge wa Mtwara Vijijini Hawa Ghasia na Viongozi mbalim,neutral,neutral,0.3061,0.3907,0.3032
Habari tafadhali tunaomba utufahamishe ni kirufushi gani cha ofa ambacho kwako hakipo na kifurushi hicho hua ulikua ukijiunga upande wa saizi yako siku wiki mwezi au halichachi,neutral,positive,0.5609,0.4201,0.0191
Ndege haipo bhaname daraja ndo linaniumatulikuwaga tunakaa mwisho kabisa kula jinai,neutral,neutral,0.3784,0.536,0.0856
   na ninataka kuwakumbusha Paul Makonda kawa designated Human Rights Abuser kwa vitendo vya,negative,neutral,0.2045,0.4587,0.3368
   wapendwa kuna opportunities nyingi sana kwenye haya mashirika hela za kuanzisha projects mpya au innovations zipo ila sa,neutral,neutral,0.3091,0.6568,0.0341
   Dini yangu inaniambia nisifanye wala nisiikaribie zinaa halafu ukizingatia unapopata mwenza wako ambaye mnaendana usiogope,positive,neutral,0.3864,0.5763,0.0373
   Waziri Mwigulu akisoma Bajeti ya Wizara ya Mambo ya Ndani kwa mwaka 201819 via,positive,positive,0.495,0.4682,0.0368
Tafadhali fahamu hiyo ndiyo orodha ya matawi yanayofunguliwa kwa siku za sikukuu na jumapilink,positive,neutral,0.3952,0.5594,0.0454
Tafadhali rejea majibu katika kisanduku chako cha ujumbe inbox ya kwamba hakuna gharama yeyote pindi utakaponunua muda wa maongezi kwa kupitia huduma yetu ya SimBanking au SimBanking App Catherine,neutral,positive,0.5772,0.401,0.0217
   STORY YA UMMILKHERY Nina miaka 25 Ni raisi kivuli wa mkutano wa Umoja wa mataifa Tanzania Pia ni mku,neutral,positive,0.5382,0.425,0.0367
95 ya mimba inayotarajiwa inawezwa kuzuiwa kama utameza ndani ya masaa 24 58 kama utameza ndani ya 48 mpk 72 baada ya kujamiana bila kinga Haijulikani kwamba postinor tu inaweza kufanya kazi kwa ufanisi endapo itatumika masaa 72 baada ya kujamiana bila kinga,neutral,neutral,0.1368,0.8438,0.0194
Wakati tunaendelea kuchukua hatua mbalimbali za kujilinda na janga la Uviko 19 tusisahau ushauri wa Wataalamu wa afya wao kwa kauli moja wanasema,positive,positive,0.5476,0.4227,0.0297
   Uhuru wake uko wapiRais anawapa onyo wakurugenzi ambao ndio wasimamizi wa uchaguzi kuwa ole wao wawatangaze wapinzani ha,negative,negative,0.0061,0.0292,0.9647
   WAY BACK Nakumbuka natoka zangu Dar Mpaka Moro kwa usafiri either HOOD au ABOOD Sometimes kulikuwa na DSM zinasema zinaenda M,positive,positive,0.5057,0.4611,0.0332
Asante kwa kuwa pamoja nasiushauri tumeupokea na tutaufanyia kazi kwa Kadiri tunavyoendelea kuim,positive,positive,0.6371,0.3423,0.0206
 Acha kuongea juu ya shida Unazo Kumbana Nazona anza kufikiria suluhisho tu,positive,neutral,0.1276,0.7264,0.146
UHURU MICHEZOWamiriki wa Klabu ya Manchester City wapo mbioni kununua Klabu nyingine nchini India Hayo yamesemwa na Mkurugenzi Mkuu wa Klabu hiyo Ferran Soriano,neutral,negative,0.1287,0.1631,0.7082
 Maisha hayatakuwa ya haki kila wakatiLakini maisha yatakufundisha kila kitu kilicho bora kwako,neutral,positive,0.5317,0.4167,0.0516
   1 Anajua kujitetea mpaka anaonekana hajakosea 2 Anakubali kutenda jambo ila kwa shingo upande 3 Ukimpa si,neutral,neutral,0.1292,0.6539,0.2169
iwapo zoezi hili halitaleta mabadiliko tuandikie namba yako ya kadi namba ya simu na mahali unapopatikana kwa msaada wa kuifundi Salim,neutral,neutral,0.4664,0.5018,0.0318
Nini maoni yako kuhusu ushindi wa timu za Simba na Mtibwa kwenye michuano ya awali ya ngazi za vilabu barani Afrika,neutral,positive,0.564,0.416,0.02
   Hongera sana Mh,positive,positive,0.5399,0.3452,0.1148
   Kwa sasa siwezi kuifundisha Yanga nataka kupumzika kwanza Kuna timu tatu zilikuwa zinanihitaji nimekataa kuna timu ya Za,neutral,neutral,0.4598,0.5149,0.0253
   Ukiwa huna hela utangatwa hata na mbwa wako,neutral,neutral,0.3703,0.5323,0.0974
   1Jina langu 2Bongo DSM 3Zari la mentari 4Msinitenge 5Nikusaidiaje,positive,neutral,0.1933,0.6868,0.1199
Mnigeria jela miaka 30 dawa za kulevya gt,negative,neutral,0.1948,0.4256,0.3796
Makonda Akina nani wanaotukwamisha via,positive,neutral,0.2568,0.5253,0.218
AlfredHabari yakoshukrani sana kwa kushiriki nasi kwenye ukurasa wetu endelea kufurahia huduma bora kutoka tigo,positive,positive,0.7143,0.2671,0.0185
   Mi nilijua kuwa unaakili kukbe nawe bwege tu Uchumi wetu haujashuka na ni moja kati ya uchum,negative,neutral,0.4242,0.5409,0.0349
TANZIA WATU 7 WAKIWEMO WAFANYAKAZI WATANO WA AZAM TV WAFARIKI AJALINI  Wafanyakazi wengine watatu wamejeruhiwa katika ajili hiyo iliyotokea wakati wakielekea Chato mkoani Geita  Ni baada ya gari walilokuwa,negative,negative,0.0016,0.0035,0.9949
   Hakuna kikomo cha MUNGU kukuinua ikiwa tu utaendelea kuwa mnyenyekevu Cc,positive,neutral,0.4352,0.5168,0.0479
Eeeh mchezo wa kuloweka sio mzuri jamaa fanya vurugu mechi ila usiache zanaa,positive,neutral,0.3878,0.5709,0.0414
c iliweka historia kuwa timu ya kwanza kutoka LaLiga kucheza Tanzania pale ilipowavaa wekundu wa Msimbazi a Tazama mambo yalivyokuwa,positive,neutral,0.4194,0.5452,0.0354
   nilikua nahangaika kupata mafundi rafiki yangu akaniambia kuhusu fixchap  Aisee wana mafundi wa kila aina na bei zao ni nz,positive,positive,0.4906,0.4783,0.0311
Mwili wa aliyekuwa mtangazaji wa vituo vya Luninga na kituo cha Radio cha Clouds Fm cha Jijini DSM Ephrahim Kibonde aliyefariki Dunia majira ya alfajiri ya leo unasafirishwa kuelekea Jijini DSM kwa ajili ya taratibu za mazishi Soma zaidi gtgt,negative,negative,0.095,0.3099,0.5951
   Pamoja na kuwanufaisha wanachama 6800 wa vyama hivyo vya ushirika matrekta haya yataendelea kuwanufaisha wakulima wengine wado,positive,negative,0.1218,0.1961,0.682
kibaya sana hiki kizazi,negative,neutral,0.3211,0.3599,0.3189
katika historia ya bunge leo kwa mara ya kwanza bajeti yenye 90 inaenda kwenye miradi ya maendeleo inawasilishwa stay tuned,neutral,positive,0.5398,0.4311,0.0291
   Dadaetu anauza daladala yake anataka 27M ana shida na hela Civilian flani hivi iko safi sana Six Cylinder bg42 ago e,neutral,neutral,0.146,0.828,0.026
Bet LIVE FK Partizani Karabakh Nani atatangulia kufunga Timu zote zitafungana Yatafungwa magoli kuanzia 3 au chini hapo  Weka bet mechi ikiendelea ushinde kiulaini kwenye masoko ya kibabe  Bet,neutral,neutral,0.4001,0.5816,0.0182
   Makete Hali ya baridi na barafu imezidi kuwa tete Makete mazao yamenyaushwa na baridi kali They need alternative crops,negative,negative,0.0047,0.0242,0.9712
   Kwa mujibu wa Sheria ya Makosa ya Kujamiiana Sospa ya Mwaka 1998 mwanaume yeyote anachukuliwa kuwa amebaka endapo p,positive,neutral,0.3622,0.582,0.0557
usinichekeshe Nakua nimetumwa na kijiji,neutral,neutral,0.3821,0.3829,0.2349
   Niite Mr  mtonye DJ zero aguse kibabe ya kwa,neutral,neutral,0.3974,0.4849,0.1177
Meli ya Mafuta ya Iran yashambuliwa Saudia Soma zaidi gtgt,negative,neutral,0.2769,0.4952,0.2279
   Usilolijua usilibebee kifua litakutoa damu za pua,neutral,neutral,0.3013,0.4347,0.264
Me niko peace na kila mtu kama unaniheshimuhaijalishi hata kama tunapishana itikadituheshimiane,neutral,neutral,0.3937,0.5526,0.0537
   Ushirikiswaji wa wanawake katika uongozi na Umiliki wa rasilimali Mjadala huu utakua kesho karibu tujadili pamoja,neutral,positive,0.6533,0.3204,0.0263
Nilikwambia lakiniachana naohawa hawana hata senti niamini mimiwako lonely pia wantafuta watu wa kuchat nao,neutral,neutral,0.4542,0.4925,0.0533
Pole sana mteja wetutunaomba usichoke kwenda kufanya usajili kwa maelekezo ya TCRA,neutral,positive,0.4903,0.4848,0.0249
Wananchi wa Kijiji cha Nyakagwe katika Kata ya Butobera Wilayani Geita wameiomba Serikali kuwatengenezea daraja la kuvukia kwenye mto unaopita kijijini hapo kutokana na sasa hivi kujikuta wakipata shida pindi maji yanapojaa kwenye eneo hilo,neutral,neutral,0.081,0.5111,0.4079
Shilole AKA Shishi Baby kuhusu UkatiliUnyanyasaji Mtandaoni,negative,neutral,0.3216,0.3863,0.2921
1 Bonyeza kitufe cha POWER kupitia rimoti yako 2 Shikilia P kupitia kisimbuzi chako hadi neno CODE litakapotokea kwenye luninga yako,positive,neutral,0.4368,0.5439,0.0192
   Kwani bado haujaangalia episode 3 ya Ebu gusa link hapa chini ili uone yanayoongelewa,neutral,neutral,0.4472,0.5262,0.0266
   Afya yako ndio mtaji namba moja Usichukulie poa Jilinde mara zote Usiupige mwingi bila,neutral,neutral,0.4885,0.4931,0.0184
Sema ndo upate watu wenye uwezo wa kutengeneza content nzuri la sivyo manyoyaniliwahi kupewa kazi nikaifanya hadi nikaimaliza watu hawajui,neutral,neutral,0.1442,0.8093,0.0466
Asante kwa kuchagua CRDB Banktunakutakia siku njema SM,positive,positive,0.6963,0.2821,0.0217
   Mzee baba nakukubali sema hili linaweza likawa na ukweli,positive,negative,0.2093,0.3316,0.4591
   Viva demokrasia VIVA Viva haki ya kikatiba ya kuishi VIVA VIVA HAKI NA UTU WA MTANZANIA VIVA Umoja ni nguvu Wajitenga,neutral,negative,0.1344,0.1846,0.681
Mpigie mwandishi anaitwa justin,neutral,neutral,0.3025,0.3723,0.3252
Anatakiwa achapike mtu offline uko aje atoe ushahidi humu ndo heshima itakuwepo,negative,neutral,0.1778,0.6849,0.1373
   Najua Mhe Mbowe atakuwa mwenyekiti wetu wa chama Lakini hilo kundi lake linalojidai ndilo cabinet yake aliangalie li,neutral,neutral,0.1612,0.7785,0.0603
   Katibu Mkuu Wizara ya Fedha amp Mipango wa Serikali ya Mapinduzi Zanzibar Khamis Omar akisaini makabidhiano ya kiufundi ya Mel,positive,positive,0.6334,0.3273,0.0393
Never nkunguu kwa sasa tunalifanyia kazi hilo ili kuongeza vituo vya huduma zetu za usambazaji tafadhali endelea kusubiri tutatoa muongozo,neutral,neutral,0.2589,0.7176,0.0235
Habari umetuma kutoka namba ganiJuma,positive,neutral,0.3915,0.4692,0.1393
Habari Kubota tafadhali tuandimie namba yako ya simu inbox kwa msaada zaidi,positive,positive,0.5667,0.4145,0.0189
Siku kadhaa hapa nilikuwa na dili na ofisi za serikali hongereni kwakweli huduma ni nzuri mmepunguza kufanya kazi kwa mazoea,neutral,positive,0.5647,0.4015,0.0338
   Kipindi nipo chuo Dar es salaam nilikuwa kwenye mahusiano na msichana mmoja wa huku nyumbani Tulikuwa tunapendana sana,positive,neutral,0.3989,0.5562,0.045
Hadi chuo ilivujahadi interview zilivujahadi madili yanazidi vujavipi kwako hakuvuji,neutral,neutral,0.3016,0.3817,0.3167
Finally nashkuru sana kwa mawazo yenu na michango yenu Another space inshallah by Sio kila mtu anapenda kuwa parody but inamlizu ili ateke society for future use,positive,neutral,0.2953,0.6839,0.0208
Katibu Mkuu wa Wizara ya Elimu Sayansi na Teknolojia Dk Leonard Akwilapo leo Nov 15 amefungua mkutano wa kwanza wa mwaka wa wadau wa tafiti kwa maendeleo shirikishi,positive,positive,0.6827,0.2855,0.0318
Habari Ahsante kwa kuwasiliana nasi Pole sana kwa tatizo na ahsante kwa ushauri wako mzuri naomba nikutoe hofu tu tutaufanyia kazi katika kuboresha huduma na bila shaka utaendelea kupata huduma zetu zilizo bora karibu nikuhudumie AhsanteS,neutral,positive,0.6792,0.3049,0.016
Habari Ahsante kwa kuwasiliana nasi Naomba nikusaidie tafadhali JL,positive,positive,0.5172,0.4566,0.0262
Tembelea tawi letu karibu nawe au tupigie kupitia namba 0800780111 tuweze kukusaidia,neutral,positive,0.6185,0.3629,0.0187
   Jihudumie popote ulipo Tuma pesa nunua salio lipia bili fanya malipo ya bidhaa na mengine kibao kupitia,neutral,positive,0.5929,0.385,0.0221
Tarehe 29 hadi 31 October wameandaa safari ya kutembelea LushotoTanga Tutakua huko kwa siku tatu gharama ni Tsh 260000 kwa mtu mmoja Gharama zinahusisha vitu vyote muhimu yan usafiri malazi chakula na utalii Fanya booking uungane nasi Piga namba 0672358189,neutral,positive,0.4905,0.4821,0.0274
   Tulale tukilitafakari hili Jambo la umoja wa kitaifa Ila wenzangu mkipata nafasi ya kuketi pamoja na waflme hukomsijisa,neutral,positive,0.5253,0.4355,0.0392
   Museveni aliwahi kushikiliwa katika Gereza la Ukonga Dar es Salaam kwa wiki mbili mpaka,neutral,negative,0.2225,0.2949,0.4825
   Nataka wakulima washangilie kama bei ya mahindi imepanda biashara hii lazima iwe huru bei ya mahindi ita,neutral,neutral,0.0683,0.6449,0.2868
Laini ni bureyawezekana hiyo buku uliyotoa walikuwekea vocha kwa sababu ukipewa laini lazima uweke salio ili waiwezeshe kwa salio iwe hewani,positive,neutral,0.4198,0.552,0.0282
   Naanza kampeni Rasmi kuhakikisha salamu zinawafikia wampe fursa Naomba tutumie hashtags hizi,neutral,positive,0.4894,0.4846,0.026
Habari Asante kwa kuwasiliana nasi kupitia kurasa zetu maoni yako mazuri ya kuboresha huduma zetu yametufikia na tunayafanyia kazi,positive,positive,0.6323,0.3536,0.0141
   Kumsomesha mtoto wa kike ni kuikomboa jamii na familia kiujumla akipata elimu ataweza kuisaidia familia na y,positive,positive,0.6455,0.3192,0.0353
   Hello MwanzaNew service in townThe most Mobile MessengerTuma chochotepopote pale na utaletewa ulipoContacts http,positive,positive,0.4944,0.4668,0.0389
   DktKalemani aridhishwa na kazi ya upelekaji wa miundombinu ya Umeme Stieglers Gorge Waziri wa Nishati Dkt,positive,positive,0.6794,0.2958,0.0247
   Kumbe hii ndo shule ya Madam na yeye hata hasemi Inaitwa iko karibu na viunga,neutral,positive,0.5053,0.4514,0.0434
   Chuki humchoma anayeihifadhi Usiweke chuki moyoni mwako itakuumiza wewe mwenyewe,positive,negative,0.0705,0.2247,0.7048
Rais wa Jamhuri ya Muungano wa Tanzania Mhe Dkt John Pombe Magufuli kuanzia tarehe 27 Novemba 2019 amepiga marufuku halmashauri zote za Majiji Manispaa Miji na Wilaya hapa nchini kukopa fedha za kutekeleza,neutral,positive,0.5903,0.3835,0.0262
   Ugonjwa wa Saratani nchini kwa sasa una sura ya Mwanamke Saratani 2 ambazo zinawapata wanawake tu shingo ya uzazi na ma,neutral,neutral,0.3115,0.6627,0.0258
   Hii ni kwa mara ya kwanza vijana wa Kitanzania kukaa pamoja na wazee wao katika kujadili mustakabali wa Kesho yao Mim,neutral,positive,0.5674,0.4043,0.0283
Ntamjibu bimkubwa ntake radhi wale huwa ni wadogo zangu ila Sasa huyu ndo Wife mwenyewe,positive,neutral,0.0978,0.6071,0.2951
Eneo lingine ambalo mwenge utatoa Elimu ni mapambano dhidi ya ugonjwa wa Malaria ndugu wananchi tushirikiane katika kutokomeza ugonjwa wa malaria  Waziri mkuu,positive,positive,0.6469,0.3185,0.0346
   Mpaka kufikia sasa asilimia 43 ya Watanzania wanapata mtandao wa intaneti Tunapoanza muongo mpya 20202030 tujenge ma,neutral,positive,0.5508,0.4162,0.033
   Hivyo ni vyema kujua kuhusu hili pia,neutral,neutral,0.4411,0.4509,0.108
   Sure mkubwa Na ukihitaji followers uwe na cha maana cha kuTweet Nipo humu mwaka wa 11 n,neutral,neutral,0.4825,0.4866,0.0309
Habari Pole kwa changamoto hiyo tafadhali fahamu tumekwishaondoa ujumbe huo,positive,neutral,0.3672,0.6048,0.0281
   Tap kufanya malipo ya bili yako kirahisi na Eazzy card,neutral,neutral,0.3472,0.5786,0.0743
   Leo Mechi Nyingi Sana Zinapatikana Premier Bet Nina Slip 2 Ya Mchanganyiko Na Normal  Frame 1 Mchanganyiko Odds 13,neutral,neutral,0.2084,0.7717,0.0199
   Katika maisha muda mwingine kubali kuzomewa kupuuzwa kubezwa na kudharauliwa Zote ni kuni Zitumie kuchochea moto w,positive,neutral,0.4177,0.5455,0.0369
utapendezesha namna unavyoitumia Twitter Kuna mengi utajifunza hutajutia,positive,neutral,0.4225,0.499,0.0785
   Mwananchi Jumatano Februari 19 2020,neutral,neutral,0.2564,0.5611,0.1824
   Ipe thamani wikiendi yako ya kwanza ya mwezi Oktoba kwa kuelimika na  Tazama hapa ratiba ya vipindi k,neutral,neutral,0.4446,0.5259,0.0295
Mimi hata kama tunapishana itikadi ila kama tunaheshimiana tutabaki kuwa wanatuwe tunakubaliana tu kutokukubaliana,neutral,neutral,0.0991,0.5839,0.317
Habari Mhd tunaomba tatizo lako DM kwa msaada zaidiJ,neutral,neutral,0.4367,0.5422,0.0211
 laki cjui unanunua nini,neutral,neutral,0.3168,0.5427,0.1405
   Ujinga wangu ndio ulionipa mafanikio,positive,neutral,0.3827,0.4673,0.1499
NECTA yatangaza matokeo ya kidato cha nne 2018 Shule binafsi zazidi kutikisa gtgtgt,positive,neutral,0.3477,0.574,0.0782
Habari ndugu mtejaAhsante kwa kuwasiliana nasiTafadhali tunaomba kujua ufafanuzi wa tatizo lako kuhusiana na vifurushi vyetu kwa msaada zaidiAhsanteLLM,positive,positive,0.6149,0.3656,0.0195
Mwasiti Sam Misago hana hadhi ya kutembea na mimi,positive,neutral,0.461,0.4716,0.0674
   Rais na Amiri Jeshi Mkuu Dkt akiwa katika picha na CDF Jenerali Venance Mabeyo Naibu Spika Tulia Ackson,neutral,negative,0.1131,0.1749,0.712
 sawa Ila kabla hujatuletea sisi Muulize DMO akupe sababu za hali hiyo,neutral,negative,0.0925,0.1567,0.7509
   Wataalamu kesho jumamosi hii kupitia jukwaa la watatueleza zaidi kuhusu kutopatikana kwa M,neutral,positive,0.5599,0.4152,0.0249
Upo maeneo gani tufuatilie tatizo tafadhali,neutral,neutral,0.2586,0.574,0.1675
   Mnakumbuka kipindi Jerry Tegeta alipokuwa akitupa raha Stars na Yanga ni kama leo Alikiba anavyotuburudish,positive,positive,0.5752,0.3893,0.0355
   Manunuzi yote ya umma yanafanywa na Mamlaka ya Udhibiti na manunuzi ya ummaPPRA kwa mujibu wa kifungu cha 642c cha She,positive,positive,0.5416,0.4279,0.0305
Me na faili za hospital tu,neutral,negative,0.1547,0.3139,0.5314
KIGOGO WA TANAPA AIBIWA MILIONI 94 GESTI              Mkuu wa Kikosi kazi cha Kupambana na Ujangili Kanda ya Ziwa ambaye pia ni Mhifadhi wa Shirika la Hifadhi za Taifa,negative,positive,0.6444,0.3201,0.0356
   Kwa hedhi salama yenye afya na ya kupunguza maumivu usisite kuchukua,neutral,positive,0.5528,0.4143,0.0329
Sindio nyie mkipostiwa chakula mnalalamika mna njaa roho zina waumaleo hazitouma nipost,neutral,neutral,0.3603,0.5005,0.1392
Noma na nusu kaka,neutral,neutral,0.3818,0.3884,0.2298
   Wanawake wenzangu Huyu ndo Rais tunapaswa kwenda Naye na Kumuunga Mkono vifo vya Wanawake Vimepungua kutokana na Jitiha,positive,negative,0.1152,0.166,0.7189
   Rais Dkt John Magufuli akizungumza na wananchi mbalimbali katika hospitali ya Taifa ya Muhimbili mara baada ya kutoka kuwaj,positive,positive,0.6463,0.3198,0.0339
   Equity ni njia salama na rahisi zaidi ya kubeba pesa hasa kwa wategemezi wako Jipatie kadi kwa ajili yako,neutral,positive,0.5565,0.4207,0.0228
Habari Ahsante kwa kuwasiliana nasi Tunaomba kufahamu sehemu ya tatizolako kwa msaada zaidi Ahsante AT,neutral,positive,0.6883,0.2926,0.0191
   unalipa school bus kumuepusha na adha ya usafiri na huko kwenye school bus anakutana nayo,neutral,neutral,0.3977,0.5491,0.0532
   Barabara ya Bibi Titi ni maarufu kuliko kiongozi wetu Shupavu Bibi Titi Mohhamed  Naomba nikujuze kuwa Bibi Titi alikuwa m,positive,positive,0.5615,0.4086,0.0299
Kwa uelewa wangu sifa mojawapo ya kirusi kikiwa ndani ya mwili ndo kinasifa ya kuwa kiumbe kitaweza kujizalisha na kutembea Lakini kirusi kikiwa nje ya mwili akina sifa ya kuwa kiumbe hai Sasa katika sifa mojawapo ya kiumbe ha,neutral,negative,0.1362,0.1807,0.6831
   Hawa ndiyo vijana waliokuwa na ushawishi zaidi mwaka 2019 Mwaka huu zitakuja sura zingine au watendelea kuongeza ushawi,neutral,neutral,0.4774,0.4823,0.0403
Rais wa Jamhuri ya Muungano wa Tanzania Dkt John Pombe Magufuli akiwa na mkewe Mama Janeth Magufuli pamoja na Waziri wa TAMISEMI Tawala za Mikoa na Serikali za Mitaa Selemani Jafo Waziri wa Afya,neutral,positive,0.698,0.2748,0.0272
   Chama cha wanawake wachimbaji wadogo TAWOMA wakionesha bidhaa zao za uchimbaji na teknolojia upimaji madini katika banda,neutral,negative,0.1921,0.1781,0.6298
Inatakiwa umeze tena maana inakuwa haijawa haijachkuliwa na mwiliAbsorbed Kitu cha kuwa makini ni kuwa baada ya kumeza p2 unaweza kuisi uchovu na mwili kuchoka hata ukasinzia Usimeze haliyakuwa unaendesha gari or unafanya kazi kwenye mashine,neutral,neutral,0.4233,0.5451,0.0316
   represent wazawa unit mpunguzi Dodoma naomba kibabe ngoma ya izidi kupanda chat kwe,positive,neutral,0.4608,0.483,0.0562
Hapa shangazi unanichanganyasawa ni travel document lakini si inatumika kutambua mtu katoka nchi gani kumiliki passport ya Tanzania maana yake we si mtanzaniaau me ndo sielewi,neutral,neutral,0.0691,0.6616,0.2694
Habari Ahsante kwa kuwasiliana nasi tunaomba kufahamu tatizo bado linaendelea GL,neutral,neutral,0.4508,0.5123,0.0369
Mikakati ya ushindi leo tayari tumejiandaa kushangilia leo dhidi ya Kenya yvonnebaldwin airtanzania_atcl,neutral,positive,0.4765,0.4478,0.0757
Habari ahsante kwa kuwasiliana nasi Tunaomba radhi kwa changamoto hiyo tumefanya maboresho katika namba yetu ya huduma kwa wateja 100 na sasa unaweza kujihudumia binafsi kupitia maelekezo ya IVRJM,positive,positive,0.6625,0.3189,0.0186
   Tazama mshindi wa pili alivyokabidhiwa tuzo yake kwenye usiku wa tuzo kwa kampuni bora 100 za mitaji ya k,positive,positive,0.6044,0.356,0.0395
Mkapa ameomba radhi kwa kutuita sisi wapumbavu na malofa,positive,neutral,0.4274,0.4443,0.1282
   Fahamu Miaka 17 ya Album ya kwanza Prof Jay katika ubora wa sasa 2018  button,neutral,neutral,0.3949,0.5645,0.0406
   JESHI la POLISI wamekuwa wa AJABU sana na WANAKERA  jana kupitia RPC wameniruhusu kufanya MKUTANO wa HADHARA kata,negative,negative,0.2342,0.2365,0.5293
   Taarifa ya Benki Kuu Tanzania Alama muhimu kuweza kutambua fedha bandia,neutral,positive,0.5749,0.3959,0.0292
   PATA BATI MPYA ZA MSOUTH KWA BEI CHEE Zinapatikana Zenye Gauge 28 Futi 4 Bei Nafuu 7000 tu kwa Pisi Location Dar e,neutral,neutral,0.1289,0.843,0.0281
   Hongereni sana vijana wa kwa hatua hii nzuri Sote tuwajibike kutunza mazingira ,positive,positive,0.496,0.4525,0.0515
   Kama watu wanapata Shahada za heshima kwanini leo sisi tusimtunuku ndugu yetu kaka yangu Degree ya heshi,neutral,neutral,0.4551,0.5051,0.0398
   Liverpool imetwaa ubingwa wa mashindano ya FIFA ya Klabu Bingwa ya Dunia Goli pekee lililoipa ushindi Liverpool dhidi ya,positive,neutral,0.4746,0.4905,0.0349
   Kama bodi na menejimenti ya pamoja na wafanyakazi wa wataturudisha kule kulikotoka itakuwa ni aibu Mjue,negative,positive,0.4987,0.4623,0.039
   MVP wa 2019 Baraka Sadick ateuliwa kwenda Nairobi Kenya ,neutral,positive,0.5002,0.4403,0.0595
   Anaejipiga mwenyewe halii,neutral,neutral,0.2878,0.3629,0.3493
   Unaweza kushiriki katika mjadala wa mchango wa azaki katika kufanikisha sera ya maendeleo ya vijana taifa na baraza la vija,neutral,negative,0.1438,0.1624,0.6937
Habari jitahidi usajili laini yako kwa njia ya vidole ili kuepuka usumbufu KA,neutral,neutral,0.385,0.5914,0.0236
Anatema madini halafu nampenda anaongea ukweli wa uhalisia wa maisha yetu sio ma theory tu kwenye vitabu,positive,neutral,0.4075,0.5541,0.0384
   CHETI Ambacho Unaweza Kupata Bila Hata Kusoma Ni Cha NDOA Lakini Mitihani Yake Huja Baadae Kuoa Ni Rahisi Tu Tafuta,neutral,neutral,0.2155,0.7653,0.0192
   Watu sita wamefariki dunia usiku wa kuamkia leo mkoani Tanga baada ya gari aina ya Noah kutumbukia mtoni eneo la Sindeni,negative,negative,0.0018,0.0042,0.994
   Tanzania kupitia programu ya Kidunia ya Huduma za Hali ya Hewa Global Framework for Climate Services  GFCS kwa kushir,neutral,positive,0.5212,0.4531,0.0257
Nchi ya Tanzania imeshika nafasi ya 147 katika viwango vya ubora vya ambapo Nchi,neutral,positive,0.5698,0.4011,0.029
   Bro jamaa aliye kuazima suti amesema utoke juani suti yake itapauka,neutral,neutral,0.472,0.478,0.05
   Sisi 4 Mbeya City 0,positive,neutral,0.2345,0.5434,0.2221
Ujanja ujanja wa wafanyabiashara  je nini,neutral,neutral,0.3839,0.5636,0.0526
   SHAFFIH DAUDA  ni mtu na Nusu Mwamba kabisa UZI Nikiwa chuoni UDOM Ba Economics 2016 wakati n,positive,neutral,0.131,0.826,0.043
   Lengo la mradi wa ni kushirikiana na wadau wa maendeleo ndani ya jamii zetu hii imejumuisha viongozi wa,positive,positive,0.6538,0.3146,0.0315
Habari EliasGharama ni shilingi 3500 kwa kiasi hicho JB,positive,positive,0.5484,0.416,0.0357
   When the killers wakianza kuwindwa ili wauwawe ndio akili zita wakaa sawa Hii ni aibu kwa taifa letu,negative,positive,0.5513,0.4208,0.0279
   Ukikopa hela ukaenda kulipa ada ya mtoto ni INVESTMENT umefanya au umetimiza WAJIBU wako kwa mwanao,neutral,positive,0.5029,0.468,0.0291
Tunaomba ufafanuzi ili tuweze kuelewa changamoto hiyo,neutral,neutral,0.3622,0.5899,0.0479
   TIGO PESA KWENDA CRDB BONYEZA 1 15000 2 HUDUMA FEDHA 3 TIGO PESA KWENDA BANKI 4 CHAGUA CRDB 5 INGIZA NAMBA YA K,positive,neutral,0.4611,0.5161,0.0228
Habari unaweza ukatupatia namba yako DM tukupatie maelezo ya kutosha kuhusu huduma hiiKA,positive,neutral,0.4886,0.4891,0.0223
   Waziri katikati pamoja na Naibu wake kushoto wakiwa na RC Shinyanga Zainabu Tellack katika pi,positive,positive,0.5498,0.4183,0.0319
Mahakama Kuu imemhukumu kunyongwa hadi kufa Masamba Musiba 39 kwa hatia ya kumuua mpenzi wake Betha Mwarabu Juni 2009 Wawili hao walikuwa wanafunzi wa Chuo Kikuu cha Dar UDSM CrdtJF,negative,negative,0.0926,0.322,0.5854
   4 Anne Kilango tulikua tumetulia sana ila baada ya gesi na mafuta kugundulika wanataka tuvurugane wachukue vil,negative,neutral,0.2093,0.5045,0.2861
Sio kila event ni showcasepia inategemea na aina ya biashara unayoifanyautachukua banda la vinywaji kufanya showcasetupo kwenye events kutengeneza faida,neutral,neutral,0.3333,0.5625,0.1042
Nchi gani Africa inafundisha masomo yote kwa lugha yao ya asilinitajie niifatilie waliwezaje,neutral,neutral,0.4119,0.5454,0.0427
   Mchama ago hanyeli huenda akauya papo,neutral,neutral,0.3413,0.4353,0.2235
   Yes wanaume wakristo wanafanya hivyo nowdays Na wote wanakuwa wake wa ndoa kabisa Ndoa ya kwanza inakuwa ile ya kikristo h,neutral,neutral,0.0851,0.6315,0.2834
Usikae kinyonge tumia Exim Bank MasterCard ukajiachie Dubai Zenji au Sauzi Kila unapo chanja kufanya malipo fahamu kuwa unajiweka kwenye nafasi ya kushinda Safari au Simu Janja Mpyaaaa,neutral,positive,0.4906,0.4805,0.0289
Tumepitia mengiwife anajua hana shida acha uwogatunashea experience tu na madogo,neutral,neutral,0.1926,0.6261,0.1813
   Furaha ukufanya uridhike upenda na uthamini ulichonacho,neutral,positive,0.5004,0.3959,0.1036
   Hongera kaka mkubwa kwa kufunga ndoakila la kheri,positive,positive,0.564,0.3899,0.0461
   Huu ndio ukweli ambao kuna watu hawataki kuufahamu hivi jimbo likishakuwa la CCM hakuna sababu y,neutral,negative,0.0237,0.0606,0.9156
   Katika Manunuzi ya Umma yanayosimamiwa na kudhibitiwa na PPRA imetengwa 30 ya manunuzi yake yatoke kwa Vijana 10 W,neutral,neutral,0.4076,0.5635,0.0289
   Ukidhulumu Mali za Yatima Dhulumu na Kaburi kabisa,neutral,neutral,0.2641,0.3858,0.3501
Hapo kwenye suala la view ata km isipo angalia mpk mwisho Pili kuna ile are you a human Its robot hawez fanya kitu pale,neutral,neutral,0.1849,0.7965,0.0186
Fuatilia mashindano haya ya Golf Sony Open In Hawaii yatakayoruka Live kupitia SS1 kuanzia saa 9 alfajiri,positive,neutral,0.452,0.5215,0.0265
Baraza la Mitihani Tanzania  NECTA limefuta matokeo ya mtihani wa kumaliza elimu ya msingi uliofanyika kwa baadhi ya shule ambazo zimebainika kufanya udanganyifu kwa kuwapatia majibu ya mitihani watahiniwa Soma zaidi gtgt,negative,neutral,0.2164,0.7512,0.0324
Interview ya juzi alielezea jinsi gani diaspora wa Nigeria wamesaidia kupush mziki wake Marekani kwa kuspend hela nyingi kwa sharti la Dj kupiga nyimbo zakesisi humu tunawashangaa wanaohype album ya Kiba na kudai wamelipwa Let say wamelipwakuna shida gani,neutral,negative,0.0022,0.0245,0.9733
Pia unaweza tembelea kufahamu zaidi kuhusu huduma hiyo Gift,neutral,positive,0.5555,0.3955,0.0491
   Changamoto katika uendeshaji wa mashauri ya watoto Baadhi ya Mahakimu kutokuzingatia utaratibu ulioanishwa kisheria kwenye kuch,negative,neutral,0.4735,0.4824,0.0441
Hapanakitambulisho cha kusajilia ni cha Taifa tu,positive,neutral,0.4167,0.4505,0.1328
   Liverpool inahitaji alama moja tu kufuzu 16 Bora za Mabinga wa ulaya UEFA Mapema usiku 2055 wanakipiga ugenini kwa Reb bul,neutral,neutral,0.2985,0.6747,0.0268
   Hakuna budi kumshukuru mungu muumba mbingu n ardhi kwakuweza kutuamsha siku ingine tena naomba baraka zake nitembee n,positive,positive,0.5693,0.4057,0.025
   Utabiri wa Hali ya Hewa wa siku tano na athari zinazoweza kutokea Umetolewa leo tarehe 22082019 na Mamlaka ya Hali ya,positive,negative,0.1163,0.1688,0.7149
Shukran zangu za dhati zimfikie Dokta Hameer Dk Somgal na Dk Philip Adebayo dokta wangu wa sasa wauguzi na wafanyakazi wote wa Hospitali ya Agha Khan Juu ya yote namshukuru Mwenyezi Mungu kwa Baraka Fadhila Neema na ulinzi wake juu yangu imani yangu kwake,positive,neutral,0.4717,0.5013,0.027
ili kiweze kuwa kituo kikuu cha ubunifu Mkoani Njombe na Kanda ya Nyanda za Juu Kusini huku pia akiitaka Tume ya Sayansi na Teknolojia kuhakikisha inawatambua wabunifu kutoka sekta mbalimbali waliopo nchini Mratibu wa masuala ya Habari na maarifa kutoka COSTECH Bw,neutral,positive,0.6593,0.3173,0.0234
Pamoja na jitihada za serikali kuweka mpango wa umeme vijijini REA na kupunguza gharama za kujiunga bado baadhi ya wananchi wanashindwa kuunganishia umeme kutokana na baadhi ya kandarasi za kufunga mtandao,neutral,negative,0.134,0.1453,0.7208
Habari asante kwa kutuandikia kupitia ukurasa wetu na pole tafadhali tufahamishe unapitia changamoto gani kwa msaada zaidiBahati,neutral,positive,0.5121,0.4743,0.0137
   Moja mistari ya Stamina kwenye ngoma yake mpya ya Asiwaze Mwambieni yule dogo aliyechezea Klabu ya Simba kutembea na Mk,neutral,negative,0.1173,0.209,0.6737
Hakuna mwanaume aliyechelewa Maisha wala hakuna mwanaume aliyewahi maisha Kila mmoja ana nafasi ya kuwa bora cha msingi ni kupeana heshima na kupeana moyo,positive,negative,0.1,0.3675,0.5325
   Aah kwasababu tunaishia kifuani tuu not fair,neutral,neutral,0.2824,0.4495,0.2681
Sasa hivi inabidi upewe kibali maalumu kabla ujauziwa hio silaha kama silaha nyingine,neutral,neutral,0.3726,0.6033,0.0241
Huduma za TigoPesa zimerudi hewani sasa Tunaomba radhi kwa usumbufu uliojitokeza,positive,neutral,0.4357,0.5134,0.0509
   Vyombo vya dola viwe waangalizi wa haki kwa vyama vyote husika kusiwepo upendeleo wowote kwa chama chochot,neutral,negative,0.1487,0.2554,0.5959
   Spika wa Bunge Mh Job Ndugai akimsikiliza Bw Fuad Abri Mkurugenzi wa Kiwanda cha maziwa cha ASAS wakati akitoa maelezo al,neutral,negative,0.094,0.3999,0.5061
Droo ya saba ya imefanyika leo na kushuhudia washindi wengine 20 wa Tsh 100000 kila mmoja Mpaka sasa jumla ya Watanzania 140 washajishindia vitata vya fedha na wengine 6 wamejishindia Samsung Galaxy S9 Endelea kutumia na na wewe ushinde,neutral,positive,0.5103,0.4624,0.0274
Inatakiwa ikirudi system ikosee kutuma mimesejiya mchepuko iende kwa mainiforwadi mipicha hovyo hovyo siku ichangamke,neutral,positive,0.5518,0.3995,0.0486
   Katika jamii zilizo nyingi wanaume wanafikiriwa kuwa ndio wenye mamlaka na wanawake ni watu wa kutimiza linalosemwa na wana,negative,positive,0.5966,0.3673,0.0361
   4UBONGO  Husababisha kiharusi  mishipa ya damu kuziba mishipa ya damu kupasuka ndani ya ubongo  kupoteza uwezo wa,neutral,negative,0.1458,0.2847,0.5695
Kumbe hela za kufanya anasa mnazo ila za maendeleo ndio hamna mpaka tozokama mna uwezo wa kununua ndege bila tozo mnashindwa nini kujenga shule na hospital NB Priorities,negative,neutral,0.3521,0.617,0.0309
   Huyu shahidi anatatupa tafsiri ya haraka haraka ya gharama za kujihusisha na siasa za upinzani Tanzania inatisha kwakweli,negative,positive,0.5823,0.382,0.0357
Luteni Jenerali Mohamed alisema jamii ya mchezo wa Golf Tanzania inatambua mchango mkubwa unaotolewa na NMB katika kudhamini mchezo huo mara zote jambo ambalo linaendeleza kukua kwa mchezo huo nchini hivyo tutaendelea kushirikiana na benki hiyo,neutral,positive,0.656,0.3171,0.027
   Ili kukabiliana na changamoto za karne ya 21 tunahitaji kusitisha ubaguzi wa kijinsia Inamaanisha kuunga mkono ajira,neutral,positive,0.5857,0.3891,0.0251
   Bwana ndiye Mchungaji wangu Zaburi 23 Bwana ndiye Mchungaji na kiongoZi wetu WaTZ atuongoze kuishinda minyororo,positive,neutral,0.4494,0.5129,0.0376
Kwa upande wa Brescia watakuwa wakichuana na Lazio na mechi kupigwa Saa 8 mchana Usikose kutazama mechi hii Live saa 8 kupitia SS8 kwa kifurushi cha Family 29000 tu,neutral,neutral,0.4384,0.5427,0.0189
   Tutasimama nao kwa lolote Wote tumekubaliana kwamba Kuna chombo kimoja tu katika Dunia kinachoweza k,neutral,negative,0.1193,0.4319,0.4488
Mambo 5 ya uongo utakayoyasikia kuhusu maisha ya chuo 1 Chuoni hakuna kufeli 2 Chuoni bata 3 Chuoni kila somo lina daftari lake 4 Chuoni bila laptop hutoboi 5 Chuoni usipopata mchumba mume au mke hupati tena,neutral,neutral,0.2179,0.7617,0.0204
Habari Andrew tunapenda kukufahamisha kuwa tuna vifurushi vya gharama ujazo na muda tofauti kulingana na matumizi ya mteja bonyeza 14901 au 14903 kisha chagua kifurushi kulingana na matumizi yako AT,positive,positive,0.5241,0.4559,0.02
But sidhani iyo inaondoa utanzania wao wanatumia passport gani kusafiria,neutral,neutral,0.3012,0.5662,0.1326
   Hali mbaya mpaka leo nimeona mbu anauma boga lilopikwa eeeh,neutral,negative,0.2402,0.3413,0.4184
   Zinakufa sababu most of them wanawekeza kwenye biashara ambazo hawana uelewa nazo na wanawekeza kwenye bias,negative,neutral,0.3024,0.6211,0.0766
   Ukurasa rasmi wa twitter wa jana ulifikisha wafuasi 40000 Wewe ni na bado hujaufuata basi ong,neutral,neutral,0.37,0.5977,0.0323
Pamoja sana tunakutakia wakati mwemaSalim,positive,positive,0.4367,0.4122,0.1511
Ndiyo tuna akaunti za akiba na muda maalumje unahitaji kufungua ipiNasra,positive,positive,0.4821,0.4802,0.0377
Usisumbuke kujua salio lako la MB DK au bonus tafadhali piga namba zifuatazo kwa urahisi wa kujua salio mbalimbali ulilobaki nalo,neutral,positive,0.5567,0.4188,0.0245
   Hon Lady Justice Mwanabaraka Mnyukwa Uendeshwaji wa kesi za ukatili kwa Watoto ni ndani ya miezi 6 kama muda huo umeko,neutral,positive,0.5418,0.4219,0.0362
   Utulivu wa akilini kuepuka papara stress unaweza kua na hekima lakini stress zikakuondolea u,positive,neutral,0.3655,0.5677,0.0668
   Tshirt Tshirt Njoo ujipatie Tshirt kali classic za kinyamwezi Back to back Size M2xl Price 18000 Come shop with us K,neutral,neutral,0.2638,0.7161,0.02
Golden Gloves ni pambano litakalo mkutanisha Nicholas Radley na Rowan Campbell katika ulingo mmoja Je nani kutwa ubingwa Usikose kutazama pambano hili Live kupitia SS6 kwa kifurushi Compact Plus 84000 tu,neutral,neutral,0.3624,0.6129,0.0248
   Kuna mikoa wahudumu wamefanya tip ni haki yao ya msingi tena kwa huduma mbovuuuu tupate tuu katiba mpya aisee,negative,neutral,0.3559,0.3931,0.251
   Tundu alituhadhari ZAMANI sana kuhusu UKABILA na unavyotumiwa Awamu hiiAkapigwa RISASI Na mtu yeyote anayelalamika kuhu,negative,neutral,0.1794,0.7226,0.0979
   Wasichojua hatuwez kutatua tatizo kwa kujifanya halipo Asichojua yy mwnywe kashiriki kutangaza tatizo,positive,neutral,0.419,0.5432,0.0378
Serikali ya kijiji Cha Shilungule kilichopo katika Kata ya Busanda mkoani hapa akiwemo Mwenyekiti wa kijiji hicho Bw Mkwavi Samwel wamesimamishwa kazi kwa muda kwa tuhuma za ubadhirifu wa fedha za UMMA,negative,positive,0.5723,0.3862,0.0415
   Wadau wa Sera zinazonufaisha Wananchi wapo kwenye maonyesho ya kazi za Asasi za Kiraia https,neutral,positive,0.5058,0.4558,0.0385
   Leo Oktoba 3 ndio siku ya uteuzi wa Waandikishaji wa Wapiga kura,positive,positive,0.5618,0.4021,0.0361
LINDI NA MTWARA WAPATA WASHIRIKA KUTOKA NORWAY,neutral,neutral,0.3394,0.3889,0.2717
   Nikikuamini jua nimejiamini pia,neutral,positive,0.4063,0.3832,0.2105
OREST NGOWI Huyu ni Msanii wa TZ Anayelipwa Kenya na Mtandao M,neutral,positive,0.5362,0.4145,0.0494
Maana halisi ya rudi nyumbani kumenoga,positive,neutral,0.3528,0.3981,0.2491
Habari Ahsante kwa kuwasiliana nasi Tunaomba kukufahamisha kuwa fidia ilitolewa kwa wateja ambao walijiunga na vifurushi na kushindwa kuvitumia kwa siku husika Ahsante JL,neutral,positive,0.6676,0.3101,0.0223
   Kaimu Mkurugenzi wa Uendeshaji wa Shirika la Reli Tanzania TRC Focus Sahani akizungumza na waandishi wa haari jijini Dare,neutral,positive,0.558,0.4074,0.0346
   Mhe Pazi Maginga MwKiti wa Chama Cha Mapinduzi CCM Kata ya Kisarawe ametoa mchango wa Tsh Milioni 3 kampeni ya TOK,positive,positive,0.5741,0.3973,0.0286
Tunaweza kupata maelezo zaidi ndugu mteja tatizo lilikuwa wapi Pole kwa usumbufu mliopata,neutral,neutral,0.4101,0.5698,0.0201
   Kheri ya kuzaliwa Tito Magoti endelea baki imara,positive,positive,0.4923,0.4377,0.07
bbcswahili Mkongwe wa filamu nchini China Jackie Chan ametangaza rasmi kupitia mtandao wa Weibo kuwa atatoa fedha kwaajili ya mtu yoyote atakaye gundua kinga ya ugonjwa wa Chan ameweka,neutral,positive,0.5037,0.4648,0.0315
Hizi picha nimetaka kutolewa roho status WhatsAppwabongo mnapenda sana shughuli ila ntawasurprise,neutral,neutral,0.4093,0.5334,0.0572
karibu kwenye maduka yetu au kwa mawakala wetu walio karibu na wewe na uweze jipatia laini yako ya Zantel na unapatikana mkoa gani tukuelekeze ni wapi kwa kupata laini yetuasante kwa kuchagua Zantel mtandao nafuu zaidi,positive,positive,0.6486,0.3362,0.0152
Habari Renatus karibu sana Tunaomba tukuhudumie Je umepata changamoto ganiYN,neutral,neutral,0.4861,0.4865,0.0274
   Kunawa sio wakati wa kula tutujiwekee taratibu za kunawa kila wakati,positive,neutral,0.2306,0.4653,0.3041
   Ilikuwa ni kama El Chapo anajadili terms za dili lake na FBI kule Marekani ili ajisalimishe So kesho yake usiku watu w,neutral,neutral,0.4681,0.5027,0.0292
Wakishua Tangaza bigwa he Mshindi wa 24watabaki hivo hivo He na zile timu ambazo zinaweza kujijwamua kushika daraja utakuaje Kabla bigwa ajatangazwa huwa wanamikakati gani,neutral,negative,0.0899,0.3542,0.5559
TPRI imebaini kuwepo kwa viuatilifu feki katika maduka mbalimbali nchini kutokana na kuongezeka kwa uingizwaji kinyemela wa viuatilifu kupitia mipaka ya nchi za Kenya na Tanzania,negative,positive,0.6564,0.3172,0.0264
Speed 120 yaani shaa kimya kimya Pini zinaongozana mbele Benz nyuma Bima Watu shh Wanabambia kimya kimya Mpaka chumvini wanazama ile ile kimya kimya Break ma holiday inner Shh kimya kimya Ka vipi tumeshafika park gari kimya kimya,neutral,neutral,0.0601,0.9014,0.0384
Habari tafadhali rejea mazungumzo yetu kwa nia ya simu suala lako tunalifanyia kaziKA,neutral,neutral,0.267,0.7137,0.0194
 Maisha ni safarimafanikio yapo kwenye kilima,positive,neutral,0.3363,0.464,0.1996
   Tembelea banda la kwenye maonesho ya,neutral,positive,0.5229,0.3975,0.0795
   TWITTER ni kama Kijiji chenye watu wachache wenye tabia tofauti Tafuta mtaa unaona unakufaa kuishi Jifunze kuheshimu,neutral,neutral,0.0875,0.4568,0.4557
   616 Safari yetu ikaendelea zaidi huku kila mmoja wetu akiwa na shauku ya kuona mambo zaidi ndani ya Msitu wa Pugu ulio sh,positive,positive,0.5815,0.3873,0.0313
Kuna siku nilikuwa kwako nikawa nakwepa flash changamoto kuna watu tuna mikataba na brand za vinywaji vinginewao wanapost tu,neutral,negative,0.0852,0.249,0.6658
eeh Dukani Bei yake Aipungui 70M,neutral,neutral,0.2053,0.6115,0.1831
   Leo Ndugu Amekimbia Umbali Wa Zaidi Ya Km20 Anatumia Viatu Kutoka Kwetu Tuwasiliane 255752864442 Whatss,neutral,neutral,0.4125,0.5478,0.0398
Picha na Anerlisa wa Ben Pol zazua gumzo mitandaoni,negative,neutral,0.2727,0.4433,0.284
NUKUU Mfanyabiashara msikubali kutoa rushwa kwa chombo chochote kwa lengo la kutaka kazi zako zifanywe kwa haraka Kuna umuhimu ya kupitia mapitio yenu katika sekta mbalimbali ili kusaidia kujenga mazingira mazuri Waziri Mkuu Kassim Majaliwa,neutral,positive,0.672,0.3014,0.0266
   Mla nawe hafi nawe ila mzaliwa nawe,positive,positive,0.4722,0.4355,0.0923
   Wa geita play kibao cha profesa jay ni mtazamo burudani kwa Goligota Magabe Luc,neutral,positive,0.5983,0.3633,0.0383
What a joy Nahodha wa Taifa Stars akisaini mkono wa kijana mdogo kama kumbukumbu kwa kijana huyo kwamba aliwahi kuonana na Samatta,positive,positive,0.5752,0.3842,0.0406
Kutoa Gawio ni suala la kisheriani wajibu kwa mashirika ya Umma yanayofanya biasharapamoja na hiyo haituzuii kuomba mtaji kwa Serikali ili kuongeza nguvu na tuweze kuingia kwenye soko la ushindani,neutral,positive,0.6004,0.3754,0.0242
   Sonino pita Hapa Mzee Wangu Tufanye Mpango Wa Kwenda Chuga Kwenye Nyama Nyoma,neutral,positive,0.5235,0.4435,0.033
Mimi Sasa Hivi nafikisha Mwaka Wa Pili Sijui Ladha Ya Soda Wala Juice Ya Kopo ambayo Sio Fresh,positive,negative,0.0841,0.3614,0.5545
   Kuna video zinasambaa kwenye magroup ya Whatsapp ya Mdada inaonekana kabisa karekodiwa bila ridhaa yake,negative,neutral,0.0863,0.7197,0.194
   Tunakushukuru sana pia Mhe  Naibu Waziri wa Elimu Zanzibar kwa kuja kutuunga mkono na kutusikiliza Kupitia,positive,positive,0.6959,0.2828,0.0214
Tafadhali tuanomba usubiri tuweze kukusaidiaSalim,neutral,neutral,0.401,0.4871,0.1119
Habari Ramadhan Chuma Ahsante kwa kuwasilian nasiTunapenda kukufahamisha kwamba ili kujiunga na kifurushi cha meseji bonyeza 14901 kisha chagua namba 3 nunua bando kisha chagua namba 6 SMS ili kujiunganmisha na kifurushiAhsante J,neutral,positive,0.5648,0.4126,0.0226
Bash Asante kwa kuwasiliana nasi kupitia ukurasa wetu uwe na siku njema,positive,positive,0.7051,0.2768,0.0181
Nalalamika baridi wenyeji chuga wanadai msimu wa joto huume natimiza jukumu langu la kuwakumbusha kutumia kondomu,neutral,neutral,0.2071,0.6283,0.1646
Wizara ya kilimo nchini Kenya imebaini harasa ya Ksh 32 Milioni kutokana na upotevuuharibifu wa zao la mahindi nchini humo kwa 12 mwaka 2016 Upotevu huo umeripotiwa kuchangiwa na ukame wa muda mrefu na uvamizi wa viwa vijeshi ktk maeneo ya kaskazini mwa Kenya,negative,negative,0.1268,0.1521,0.7211
   Akauti 25 za kufollow Twitter Tanzania Oktoba  Disemba 2021,neutral,neutral,0.361,0.5383,0.1007
Mhamasishaji katika mtandao wa kijamii wa amekutwa amekufa Mwili wake wakutwa kwenye sanduku la nguo Kufahamu kisa na mkasa tembeleagtgtgt,negative,negative,0.0043,0.0144,0.9813
   Katibu Mtendaji wa Tume ya Vyuo Vikuu nchini TCU Prof Charles Kihampa akitangaza kufutiwa usajili kwa baadhi ya vyuo vikuu,negative,negative,0.0114,0.0592,0.9294
   Mambo 9 muhimu ya kuzingatia unapotumia mitandao ya kijamii 1 Fikiria kwanza kabla ya kutuma taarifa yoyote mitan,neutral,neutral,0.1713,0.7901,0.0385
unaweza pia ukajiunga na vifurushi mbalimbali tafadhali piga 14700 au 14800 kisha chagua zaizi yako ili kuweza kujiunga na vifurushi kulingana na matumizi yako,positive,positive,0.5141,0.4683,0.0177
   Kama Huna Hela Jitahidi Basi Ujifunze Hata Dini Ili Kwenye Vikao Vya Familia Wakutegemee Kufungua Vikao Kwa Sala Na Mao,neutral,neutral,0.4148,0.5609,0.0243
   JINSI YA KUWATUMIA WATU KUFIKIA MAFANIKIO 1Tambua kila unaekutana nae kuna sababu 2Jifunze kujitofautisha 3Ona mema ya mtu,neutral,neutral,0.0756,0.6248,0.2996
Brand kubwa zimeungana kuleta mabadiliko ya jezi za mnyama,neutral,neutral,0.2601,0.4331,0.3068
Uhuru MichezoMatokeo ya michezo ya leo Ligi Kuu soka Tanzania Bara,neutral,positive,0.4923,0.4746,0.0331
   Wakikushinda kwa kutumia wewe washinde kwa kuweka akiba,positive,positive,0.5852,0.3816,0.0332
   Skati tamaa by DARASA,neutral,neutral,0.3261,0.428,0.2459
Habari Pole kwa changamoto hiyo Tafadhali naomba namba yako ya simu DM kwa uchunguzi zaidi wa suala hilo AhsanteOE,neutral,neutral,0.2939,0.689,0.0171
Siku Hizi Mtu akivaa uchi ndio anaambiwa amependeza japo kila mtu ana haki yake ya Kuvaa Lakini inabidi Ufanye Chaguo la mavazi yenye Kupendeza,negative,neutral,0.1532,0.8178,0.0289
   Lakini je watoto wote walio katika umri wa kwenda shule wanapata nafasi hiyo kwa usawa Je wanajifunza vema Shule wanaz,neutral,neutral,0.3779,0.5985,0.0236
Hassani Mwakinyo kanipigie Mtu August 14 na asichukue mda mrefu kama tetemeko la August 12 Inshallah,neutral,neutral,0.4079,0.5588,0.0333
   Dkt Grace ametoa pongezi hizo wakati wa ziara ya usimamizi shirikishi na wataalam kutoka Ofisi ya Rais TAMISEMI Wizara,neutral,positive,0.64,0.3334,0.0265
Haya maneno uliyasema last time tukiwa samaki ya masaki kabla hujarudi ulaya na nilikurekodiandaa hela tu broahadi yako iko kwenye mipango yangu ya kuokoa hela ya gari,neutral,neutral,0.1958,0.7867,0.0174
 Wakili ambaye pia ni mwanasiasa wa upinzani nchini anatarajia kurejea nchini humo kesho kutoka,neutral,positive,0.5408,0.4202,0.039
   Aali hupatikana kwa ghali mtaka jema sharti adhurike Maanaili kupata kitu kizuri ama kufanikisha jambo zuri hatuna budi,positive,positive,0.4969,0.4707,0.0324
   Unaenda sex date condom unaweka chini ya mto unasubiri kuulizwa,neutral,negative,0.0933,0.3319,0.5748
   lazima ulowe jasho la uoga Konda atakupitiliza hadi mwisho wa trip,neutral,negative,0.2396,0.2966,0.4637
 Ishi na watu vile walivyo,positive,neutral,0.4133,0.4225,0.1642
Aston Villa wataifunga Liverpool na kutangulia nusu fainali ya EFL Cup leo Bet LIVE mechi ikiendelea bila kutumia bando lako ukiwa Vodacom au Tigo Pakua APP au App Store,neutral,neutral,0.4853,0.4936,0.0211
Kwenye leo atasikika na atazungumzia biashara zake  Tuambie kwa upande wako,neutral,positive,0.5743,0.3915,0.0343
   Tubadili mtazamo wetu wa kufikiri vile ambavyo tunavyofikiri kuhusu Dar au Mwanza tuone Mazingira ya Musoma ndiyo sulu,positive,neutral,0.4079,0.5595,0.0326
Tunaifanyia kazipole sana mteja wetu,neutral,positive,0.4322,0.4301,0.1377
   Spika wa Bunge Mhe Job Ndugai akiongoza kikao cha Kamati ya Bunge ya Uongozi kilichokutana kupitia shughuli zilizobaki za M,neutral,positive,0.6249,0.3491,0.0261
Tuko tayari kwa dili mda wowote kama ikikidhi vigezo na masharti tuliyojiwekea,neutral,neutral,0.4387,0.5283,0.033
   Taarifa ya Ufafanuzi Kwa Umma Kutoka Wizara ya Maliasili na Utalii Kuhusu Picha ya Video inayozunguka Kwenye Mitandao ya Ki,neutral,neutral,0.4613,0.5116,0.0271
   JeUmeshajisajili Kuweza Kushiriki itakayofanyika Dodoma tarehe 23 hadi 28 Basi bado Hujachelewa Jisajili,neutral,neutral,0.3109,0.6531,0.036
UHURU MICHEZOHT Singida United 00 Bandari FC,positive,neutral,0.4146,0.4896,0.0957
Habari  tunaomba akaunti namba na majina ya uliyemtumiaJuma,neutral,positive,0.5695,0.3998,0.0307
 MaMkwe kwanza Umependeza Haswaa Apo Miguuni Vikuku From Ladies Vikuku Vipo kwa Bei ya ,neutral,neutral,0.2735,0.6757,0.0508
   Pata burger nzuri the best in town tupo Engen Petrol Station Mbezi Beach,positive,neutral,0.4305,0.5411,0.0284
Hakuna vikwazo tena wakimbizi kurudi kwao gt,positive,neutral,0.3014,0.467,0.2316
   Kuelekea Mkutano Mkuu wa Wataalam wa Maendeleo ya Jamii nchini wataalam hao watashiriki zoezi la kuamsha Ari katika sh,neutral,positive,0.6285,0.3437,0.0277
Tupatie mita namba na kiasi ulicho nunua tutumie DM tuweze kulifanyia,positive,positive,0.4961,0.4634,0.0405
Ya kifurushi cha Dstv Compact mwezi mmoja bure pamoja na ufundi buireGift,positive,positive,0.5754,0.3923,0.0322
   Mungu awapiganie na kuwa,neutral,positive,0.4468,0.3301,0.2231
Tumieni kituo kipya cha redio ya Jamii cha TBC 921 kutangaza kazi zenu za sanaa ikiwemo muzikiDkt Mwakyembe,positive,neutral,0.4619,0.5048,0.0333
   Mexico imemuachia huru kiongozi wa kundi la wauza mihadarati la Sinaloa Ovidio Guzmn ikiwa ni siku moja baada ya kumkam,neutral,negative,0.1056,0.2459,0.6485
WATU WAWILI WAFARIKI KWA KUFUKIWA NA KIFUSI MGODINI Watu wawili ambao ni wachimbaji wadogo wa madini ya dhahabu katika mgodi wa BulumbakaGasuma wilayani Bariadi Mkoani Simiyu wamefariki,negative,negative,0.0034,0.0069,0.9897
Kunawa mikono na maji tiririka mara kwa mara bado ni njia effective ya kupambana na magonjwa ya mlipuko ikiwemo Uviko 19 Huu utamaduni ni wa kutunza uwe endelevu,positive,positive,0.6472,0.3318,0.021
Nadhani ulimaanisha kuitenga siasa pia ulimaanisha tutapata sifuri mpaka mwisho,neutral,positive,0.4256,0.4033,0.1712
Serikali imeingia makubaliano rasmi ya mkataba wa ujenzi wa Meli mpya Chelezo na ukarabati wa Meli za MV Victoria na MV Butiama katika ziwa Victoria na kampuni nne kutoka Korea Kusini mkataba ambao una thamani ya Shilingi Bilioni 152,neutral,positive,0.5821,0.3826,0.0353
   Sehemu ya wananchi waliokusanyika uwanja wa Kumbukumbu ya Sheikh Amri Abeid jijini Arusha kumsikiliza Dkt htt,neutral,positive,0.6142,0.3485,0.0372
Account Ya instagram au Twitter Huwezi Kuirudisha hewani kama Umeshau Vitu hivi Sign up Email na password Sign up Phone number,neutral,neutral,0.1829,0.7964,0.0208
   Mkurugenzi Mtendaji wa Benki ya Equity T Robert Kiboti leo kuanzia saa tatu na nusu asubuhi atakuwa mubashara live ka,neutral,neutral,0.2972,0.578,0.1248
Ni kiongozi gani aliyesema kuwa China imeamua kuboresha miradi 50 ya utoaji msaada wa matibabu na afya barani Afrika kwenye mkutano wa baraza la ushirikiano kati ya China na Afrika mwezi Septemba mwaka 2018 Zawadi nono zitatolewa kwa Washindi,positive,positive,0.6199,0.3542,0.0259
 SIRI YA UGANDA KUIPIKU KENYA NA TANZANIA KATIKA UZALISHAJI WA MAZIWA AFRIKA MASHARIKI Soma hapa,positive,neutral,0.4407,0.5313,0.0279
Wimbledon Kumenoga Rafael Nadal vs Roger Federer Novak Djockovic vs Roberto Bautista Hapatoshi kwenye Tennis wababe wawili wakimenyana Hapa Federer pale Nadal Nani ataibuka kidedea Cheza ushinde kiulaini,positive,neutral,0.4318,0.5434,0.0248
watakupa majibu ya kukamilika miradi tajwa,neutral,neutral,0.3569,0.4873,0.1558
   Tunamalizia usajili wa darasa letu la Social Media Skills Social Media Marketing Kujisajili ni BURE na class itakua onli,neutral,positive,0.4975,0.4679,0.0346
   Zama zinabadilika,neutral,neutral,0.3179,0.3709,0.3112
   Kuna kampuni ilikuwepo bongo ilikuwa inaitwa JUMIA moja kati ya biashara zao ilikuwa app inaokuruhusu uagize chakula popote u,neutral,neutral,0.2422,0.7175,0.0403
   Sio kesi pia tatizo hapo liko wapi Mpaka kufikia Mwaka 1997 serikali ilitaka Mtoto aanze shule akiwa na mia,neutral,negative,0.0024,0.0172,0.9803
Je nani kuweka historia  Usikose kutazama Live wakali wa wakionyeshana ubabe ndani ya Brazil Grand Prix leo saa 3 usiku ndani ya SS2,neutral,neutral,0.3802,0.5998,0.02
Wewe umekula sana fimbo zisizokuhusu,neutral,neutral,0.408,0.4442,0.1478
Habari Ahsante kwa uvumilivu wako pole sana kwa changamoto uliyoipata Huduma ya internet sasa imerejea Tunaendelea kuomba radhi kwa usumbufu uliopata Ahsante kwa kuchagua Vodacom LL,neutral,positive,0.6436,0.3391,0.0173
Kikosi cha kuleta ubingwa Msimbazi kwa mara ya tano mfululizo,neutral,positive,0.5759,0.3666,0.0575
uwttaifa WAANDAA KONGAMANO LA KUMPONGEZA RAIS DK MAGUFULI KWA KUITEKELEZA ILANI YA CCM NA KUTIMIZA MIAKA MITATU MADARAKANI Umoja wa Wanawake Tanzania chini ya Mwenyekiti wake Taifa,positive,positive,0.5909,0.3704,0.0386
 Ushiriki wa Sekta binafsi katika uwekezaji huo umechangia kwa kiasi kikubwa na ukuaji wake umefikia asilimia 85 hadi mwezi march 2019 kutoka asilimia 65 mwezi march 2018 Bank of TanzaniaBoT  Monthly report March 2019,positive,positive,0.5319,0.4464,0.0217
Twitter Afya Kuna madhara gani kula nanasi kupitiliza   Maana yashaanza kuliwa kama karanga huku,neutral,neutral,0.2719,0.6676,0.0605
Ijumaa Kareem Pata Mawaidha na Mafunzo ya Dini ya Kiislam kupitia Islam Chanel DStv namba 347 kifurushi DStv Bomba sh 19000tu,neutral,positive,0.5748,0.4027,0.0225
   Tuache uchochezi wa fikra watanzania wengi wepes kuamini maneno ya hovyowizara haiwez kukaa open hata kama na,neutral,positive,0.4881,0.4669,0.045
   Si Asubui Ulisema Wameenda Mwanza Kwasababu Wamenyimwa Ruzuku Miezi 2 Hivyo Hawana Hata Senti Saivi Unapiga Mahesabu Ya Ku,neutral,neutral,0.0619,0.4708,0.4674
We si ulisema utaenda kunya Chatombona kwenye location hatukioni kinyeo chako,neutral,neutral,0.4054,0.5391,0.0555
Stress ndo matatizonayapata nayatatuaambayo hayawezekani naachana nayoam stress free bro,neutral,neutral,0.3965,0.5197,0.0838
Ndio kaka tunapmbana kutafuta ridhki na tunawapambania wao tena,neutral,positive,0.4518,0.4316,0.1166
   hawezi kumtia mtu moyo katika kipindi kigumu amejikuta anapitia vipindi viwili vigumu kwa waka,neutral,negative,0.1394,0.3784,0.4822
   Mchongo ni kucheki afya na kama una VVU mchongo ni kuanza matumizi ya ARV mapema Wataalamu wanasema utaokoa maisha yako,neutral,neutral,0.3981,0.5812,0.0207
Asante kwa kututag karibu sana maduka ya Zantel upate dili la ofa za msimu wa sikukuu pata Simu za kisasa kali sana kwa bei sawa na bure kabisaa wahi sasa usipitwe tafa,positive,positive,0.659,0.3258,0.0152
   Ni Muda Wako Sasa Kujiingizia Kipato Kupitia Akaunti zako za Facebook Twitter na Insta Unachotakiwa ni Ku Download App ya,positive,positive,0.4983,0.4779,0.0238
   Unatoka kila weekend kaa unywee nyumbani sasa hapo Jemiii inashukaje si mateso haya,neutral,neutral,0.3179,0.6481,0.034
Ninamcheka kwasababu ajajistir huku kwetu wamejistili ndo maana siwez kucheka maana siyaoni Jistir afu uone Nani atakucheka Akikucheka Nambie,neutral,neutral,0.2659,0.7095,0.0246
   Ujio wa ARV zinatufanya tujisahau siku hizi hata mitaani kwetu kukutana na HIV  aliyedhoofu Sana kiafya Ni,neutral,positive,0.6032,0.3643,0.0325
   TAKUKURU YAMWAGA AJIRA KWA VIJANA  NAFASI ZAIDI YA 350 KUTANGAZWA LEO Elimu kuanzia Diploma mpaka Degree Bonyeza hapa,neutral,positive,0.5815,0.3979,0.0206
Je wajua Binadamu mwenye afya yake kamili anapoteza lita 12 za maji katika mwili wake kwa njia ya mkojo pekee,neutral,neutral,0.379,0.6018,0.0192
Ingia YouTube channel Yao Mzigo wote bila chenga,neutral,neutral,0.3746,0.5728,0.0526
Mkopo wa Fedha Thamani ya Nyumba via,neutral,neutral,0.4193,0.4526,0.128
   Nimejikuta naenda kusoma The Republic 38,neutral,neutral,0.3451,0.5891,0.0658
Tunsume Sakajinga 59 mkazi wa Mgeninani jijini Dar es Salaam anadaiwa kuuawa na Mfanyakazi wake wa ndani Gideon Elias 20 kwa kuchomwa na mkasi shingoni Januari 12 Gideon anatuhumiwa kutenda kosa hilo ili achukue mafao ya mfanyakazi huyo wa TPA aliyestaafu Disemba 30,negative,neutral,0.091,0.555,0.3539
Takriban watu 14 wamejeruhiwa baada ya mabehewa mawili ya treni ya abiria inayofanya safari kati ya stesheni na Pugu na stesheni kuu jijini dar es salaam kuacha njia ya reli na kuanguka Soma zaidi gtgt,negative,negative,0.0018,0.0104,0.9878
Ahsante kwa kuwasiliana nasi ndugu mtejasamahani tunapenda kukufahamisha ofa sio jambo la kudumu na hubadilika kulingana na matumizi ya mteja binafsitufahamishe Central Offer hakuna kabisa au kuna kifurushi hukipati kwa sasa LM,neutral,positive,0.536,0.4421,0.0219
   Njoo userereke na huduma zenye ubora wa hali ya juu kwa gharama chee kabisa Tembelea tawi letu lolote lililopo karibu n,neutral,positive,0.5443,0.429,0.0268
   Tuombee uzima mwez uliopita nilikuwa nyumbani Kwala na kwa Bahati nzuri alipita Mh Mbunge Japho nilibatika kuon,neutral,positive,0.5724,0.3905,0.037
Hii mitaala iliwekwa na wakoloni waliokuwa wanaongea kiingereza ndo maana tukaishi nayokwanza physics yenyewe sio kiingereza ni kigirikiwenzetu wana miundo mbinu ndo maana waliweza mapema kutumia lugha zao,neutral,neutral,0.1682,0.8088,0.0231
Karibu DTBTanzania head office ujipatie zawadi yako,neutral,positive,0.5922,0.38,0.0277
VIDEOTisa wauawa katika maandamano ya kupinga ugumu wa maisha katika Jiji la Khartoum nchini Sudan Waandamanaji wameiteketeza kwa moto ofisi kuu ya chama tawala NCP wanadai kuchoshwa na utawala wa Rais Omar alBashir Mwanafunzi wa Chuo Kikuu ni kati ya waliouawa,negative,negative,0.1293,0.1812,0.6895
Kikao hicho ambacho alikiita ni  Muarubaini katika kuhakikisha huduma ya umeme inakuwa chachu katika kuelekea Tanzania ya viwanda na ya uchumi wa kati Aidha aliwataka kuhakikisha huduma bora inatolewa kwa wateja,neutral,positive,0.591,0.3487,0.0604
Ukweli ni kwamba hili ndio kundi ambalo serikali haina mipango wala mikakati nalo japokuwa ndio nguvu kazi ya taifaKipi kimefanyika kwa kundi hili,neutral,neutral,0.4231,0.5461,0.0307
   Mwaka huu 2018 ninaendelea na wa watu maalummuhimu kuwafolo Rachael Akidi  ni mkuu wa lugha za Afrika,positive,negative,0.2115,0.2257,0.5628
   Hakikisha tunapata ushindi wa Kishindo,positive,positive,0.4302,0.3955,0.1743
Ni kweli tunayo changamoto hiyona sasa kuna maboresho yanafanyikapole sana kwa usumbufu huo,neutral,positive,0.5296,0.439,0.0314
   Mahojiano yangu na Azam TV katika Kipindi cha Mizani ya Wiki Mageuzi ndani ya Chama cha Mapinduzi,neutral,neutral,0.4427,0.5184,0.0389
   Juma Hamad Omari Mbunge wa Jimbo la Ole Wilaya ya Chakechake Mkoa wa Kusini Pemba Zanzibar kwa tiketi ya Chama cha Wa,neutral,positive,0.6239,0.3448,0.0313
   Matarajio ya hali ya hewa saa24 zijazo kuanzia saa 3 usiku wa Leo 27052018,positive,positive,0.4987,0.4645,0.0368
   Baada ya uhamisho kukwama dirisha lililopita niliumia kiasi kwani kwa nilichofanya 201819 nilistahili kupata move Ila,negative,negative,0.2159,0.3859,0.3982
 wa Tuepuke Kupeana mikono na kukumbatiana,neutral,positive,0.4049,0.3637,0.2314
Ilikuwa Interview Bomba kabisa kudos kwako na Mendez,positive,neutral,0.4437,0.4478,0.1086
Hauna akili,neutral,neutral,0.3598,0.4184,0.2218
Uwanja wa Nelson Mandela mjini Sumbawanga umeungua usiku wa kuamkia leo,negative,positive,0.482,0.4216,0.0964
Kama kawa Kama dawa hapa burudani mwaa mwii na Jumapili hii Sasa ndani ya UFC mbabe Valentina atakutana na Liz katika ulingo je Nani kukalishwa Tukio zima kuruka live usiku wa kuamkia Jumapili saa 9 alfajiri kupitia SS6,neutral,neutral,0.2431,0.7417,0.0152
Utahitaji kima cha shilingi elf 10000 pekee kufungulia akaunti,positive,neutral,0.4176,0.471,0.1114
Mitandao ya kijamii Ukiwa una Moyo mdogo Kama Remote ya AC ya Samsung Basi jiandae Kuwa Mtu wa kukosa amani,neutral,negative,0.0054,0.0212,0.9734
 Premier ya DANGA leo moja na nusu usiku  On DSTV Camp ,neutral,neutral,0.428,0.4946,0.0774
Akili za kuambiwa changanya na zako Protect your self na wengine watakua safe kupitia ww Popote afanyapo maombi mungu anakusikia chamsingi ni Iman na Nia ako Ndio mkombozi in addition Maombi,neutral,positive,0.541,0.4356,0.0234
   Naibu Waziri TAMISEMI Serikali ina mkakati kuhakikisha kila shule nchini inakuwa na maabara na vifaa vya kutosha ili wanafu,positive,positive,0.5214,0.44,0.0386
   Nilipomuona mwenye zamu ya kununua umeme jana anarudi na mshumaa nikazima data kabisaaaa,neutral,neutral,0.3883,0.5618,0.0499
Je wajua Kwa mujibu wa tafiti Uvivu ni ishara moja wapo ya mtu kuwa na akili Hii ni kwasababu ya Ubunifu Wao,positive,neutral,0.3966,0.5839,0.0195
   Kwanza from the safety point of view kuwajaza watoto hivyo ina madhara yafuatayo 1 Ni wengi wanaweza kua,negative,neutral,0.3003,0.6775,0.0222
   Wapo waliopotea bila kujulikana walipo kama vile Ben SaananeAzory Gwanda na Mkitii wa Halmashauri ya KibondoSmoni Kangoye,negative,positive,0.4919,0.4672,0.0409
   Ni Moja Ya VegasGames Za Casino Zinazolipa Sana Unaweza Kucheza Kwa Kuanzia Dau La Tsh 30 Na Kuendelea Ma,neutral,positive,0.5549,0.4186,0.0264
Karibu tunakutakia usiku mwemaPJ,neutral,positive,0.5166,0.3817,0.1016
Ni kijana msikivu sana darasani huwa makini mwalimu akifundisha Lakink baada ya matokeo yy huwa wa mwisho Wanafunzi wenzake darasani walipenda kumuita Empty heard mtu mjinga mpk mda mwingine wanamuuliza lini utapokea mafao yako Hali hii ilimuumiza sana moyo lkn,positive,neutral,0.0801,0.5372,0.3827
   Mambo Haya Ndo Alikua Hatak Manara Dada Babra Kahusikaje kwenye Iyo Picha Ila wamesahau na Mo Hapo ,negative,neutral,0.2932,0.6797,0.0271
   Japo mimi ni moja ya watu wanaotaka machinga wawe monitored ila hii monitoring inafanyika kienyeji enyeji sana labda wat,negative,negative,0.0968,0.3483,0.5549
   Kwa maana nyingine ni kutazama nyuma kwa shukrani tazama Mbele kwa matumaini tazama kando kwa mapendo na tazama juu kwa im,positive,positive,0.6146,0.3618,0.0236
   Wanasema hakuna ubize kwa mwanamke unaempenda lkn hakuna mwanaume mtaftaji anaempa mwanamke mda wake wote Hivo dada mwanaun,neutral,neutral,0.4638,0.5015,0.0346
so kwa katiba ya sahivi mtu huwezi kupata madaraka kwa njia nyepesindio tafsiri yake,neutral,neutral,0.377,0.599,0.024
Tafadhali tufahamishe unahitaji huduma ipi ili tuweze kukuhudumia,neutral,neutral,0.4648,0.5049,0.0303
   Gentlemen mwanamke akikutaja hapa mtumie Tsh15000 tu kwaajili ya Lunch Akikutaja na huna namba yake mkutane Dm,neutral,neutral,0.2499,0.7206,0.0295
Nimepokea Certificate of Appreciation kutoka kwa wanna kijiji wa Kizimkazi jimbo la Makunduchi,positive,neutral,0.4167,0.417,0.1664
    Mpo tayari pamoja na na Tume ya UKIMWI Znz inakuletea kipindi kipya cha radio,positive,positive,0.6147,0.3542,0.0311
Unajifanya upo romantic unajaribu kuoga na babe kwa kutumia ndoo unateleza bafuni unaipiga teke ndoo maji yote yanamwagika ,negative,neutral,0.213,0.7023,0.0846
Wallelulu tunaomba taarifa kuhusiana na namba yako ya simu unayotumia upande wa internet,neutral,positive,0.5951,0.3814,0.0235
   Kuna mdau wa Toba asilia ana jambo lake na watu wenye vidonda vya tumbo No chemicals added Cheki nae hapa 0654 982 582,neutral,neutral,0.2864,0.6945,0.0191
Beyonce ameachia albamu ya kusisimua ambayo imebeba maudhui yanayoendana na ya Disney inayoitwa The Lion King The Gift ambayo inapatikana ndani ya Boomplay Zaidi bofya,neutral,positive,0.4946,0.4762,0.0292
Naomba iyo namba iyo namba ili niweze kukusaidia,neutral,neutral,0.4545,0.5252,0.0203
Ofa ya saba saba itaisha tarehe 3072019,neutral,neutral,0.3187,0.5398,0.1415
Ni fahari yetu kukuhudumia na endelea kufurahia huduma zetuJB,positive,positive,0.6322,0.332,0.0358
    Je kati ya Mwanaume na Mwanamke ni nani anaweza kuvumilia kukaa kwa muda mrefu bila kufanya mapenzi,neutral,neutral,0.3053,0.6749,0.0198
Waziri wa maendeleo ya mifugo na uvuvi Luhaga Mpina amewapa miezi sita wakurugenzi wa halmashauri zote nchini kuhakikisha wanakamilisha ukarabati wa majosho ya kuogeshea mifugo ambayo yanapatikana,neutral,positive,0.6126,0.36,0.0274
Tunashukuru sana kwa mrejesho wako kuhusiana na huduma zetu Tutaifikisha katika ngazi husika Karibu sana Exim Bank,positive,positive,0.6785,0.2982,0.0234
   Nilivyokuwa mdogo baba yangu alikuwa akitoka kazini ananiambia unaweza kuniandikia kitu nifurahi sasa hivi nina vitabu,positive,neutral,0.1197,0.5294,0.3509
Habari  Hapana Nmb tunatumia SWIFT code ambayo ni NMIBTZTZ,positive,positive,0.4904,0.4627,0.0469
   Asanteni sana kusikia kilio wagonjwa OceanRd,positive,positive,0.4602,0.411,0.1288
   Muonekano wa kipande kilichotandikwa reli ya kisasa ya SGR jijini Dar es Salaam,positive,positive,0.4743,0.4477,0.0779
Asante kwa kushiriki na endelea kutembelea ukurasa wetu wa Zantel,positive,positive,0.7576,0.2271,0.0153
   vigogo wawili Elimu wasimamishwa Bunge lapitisha Sh13 trilioni via,negative,neutral,0.3378,0.4859,0.1763
   Tusiogope kujaribu kufanya jambo ambalo unahisi lina manufaa kwako au kwa mtuwatu fulani,neutral,positive,0.4835,0.4737,0.0428
Hii siku ni funzo kwetu sotetujitahidi tuishi vizuri ili hata siku tukiwa hatupo duniani tuzungumzwe kwa mema yetuWatu wa celebrate maisha yetu hata tukiwa kaburini,positive,positive,0.6212,0.3551,0.0237
   Serikali imeamua kuwa vipimo kwa ajili ya homa ya Dengue vitatolewa BURE kwenye vituo vya kutolea vya kutolea huduma,positive,neutral,0.2891,0.6777,0.0332
   Chama Cha Demokrasia na Maendeleo CHADEMA mkoa wa Mara wamebaini mchezo mchafu wa kununua madiwani wake wakidai k,negative,negative,0.0224,0.139,0.8385
   Arushaaaaa We here today Sijui nimuachie achane tena na leo sema Wa  Ara wanaweza mrushia maji akianza ki,neutral,positive,0.5288,0.4405,0.0307
   Beberu na midevuye hashindi Ngombe thamani,neutral,positive,0.4488,0.4257,0.1255
   Madenge sio wakishua anashangaa kuona mishumaa ya kwenye makopo amezoea mishumaa ya Mia 300  Sema hii series ya,neutral,neutral,0.1241,0.8276,0.0483
Makamu Mkuu wa Shule hiyo iliyopo Wilaya ya Ikungi Raphael Malan ameagiza wanafunzi 212 wanaotarajiwa kuanza kidato cha kwanza shuleni hapo kuripoti wakiwa na viti ndoo ndogo na vigoda Amedai shule hiyo inakabiliwa na upungufu wa madawati 392,positive,negative,0.0817,0.3495,0.5688
   Kuna jamaa zetu wao kutumia ndomu wanaona ni ulemavu Waaambie litawakuta jambo,neutral,neutral,0.1906,0.4553,0.3541
Kipi umetambiwapambana na hali yako brousipambane na watu hata huwajui unawaona tu mtandaoni,neutral,neutral,0.222,0.633,0.145
   Mpiga ngumi ukuta huumiza mkonowe,neutral,neutral,0.2748,0.3717,0.3535
Sahivi unaweza kupiga hata ruti za ndaniunajiandikisha unapata wenzako ambao hawana ndinga mnakuwa mnashea wanakuchangia hela ya wesehii ni ya wotewenye ndinga na wasio na ndinga,neutral,neutral,0.2332,0.744,0.0228
   SABABU INAYOFANYA MTU AJIUMIZE AU KUUMIZA WATU WENGINE NI UKOSEFU WA MAARIFA UNAWARENESS,positive,negative,0.2019,0.2739,0.5243
   Utabiri wa hali ya hewa wa saa 24 zijazo kuanzia saa 3 usiku wa leo 29052018 kama unavyoletwa kwenu na mchambuzi Godfre,positive,positive,0.523,0.4567,0.0203
Nilitaka niseme piani meme hii,neutral,neutral,0.2986,0.4454,0.256
   Tuhamasike na kushikamana ili kupambana na mifumo kandamizi hususani mfumo dume ambayo huathiri upatikanaji wa haki zetu,neutral,neutral,0.4745,0.4799,0.0456
Kigango cha Mlimani wilayani Chato chapandishwa hadhi na kuwa Parokia Teule ya Mlimani,positive,negative,0.1892,0.3269,0.4839
   Mungu ni mwema sana hatimae mnamo 20102021 nilitunukiwa shahada yangu ya kwanza DEGREE kutoka UDSM Asanteni nyote mlioku,positive,positive,0.5621,0.4123,0.0257
KAMATI YA MADARAKA YA BUNGE TOKA BUNGE LA KENYA ILIPOTEMBELEA KAMATI KAMA HIYO YA BUNGE LA TZ,neutral,negative,0.1062,0.2004,0.6934
sahihi kabisa lazima tuonyeshe hali ya kuheshimu jitihada,positive,negative,0.1614,0.2783,0.5603
   From 885 jet KWALIMBOA oi cheza ya to,neutral,neutral,0.3431,0.5468,0.1101
Nzuri Sana,positive,positive,0.4319,0.3524,0.2157
Daktari anaweza kuokoa maisha yako Mwanasheria anaweza kutetea maisha yako Askari anaweza kukupa amani katika maisha yakoLakini ni Mungu tu anayeweza kukupa uzima wa milele,positive,neutral,0.486,0.4901,0.0239
   Mheshimiwa Rais Mstaafu Ali Hassan Mwinyi anatimiza leo miaka 96 na leo anatupatia zawadi ya kitabu tawasifu ya maisha,positive,positive,0.6334,0.3343,0.0323
   Muonekano wa Ndani ya Nyumba ni Kitu Muhimu sana Pale Unapotaka Kujenga Usimuumize Kichwa Wacheki ni wabob,positive,positive,0.5879,0.383,0.0291
I just uploaded SISI WATANZANIA TUNAWEZA kusimamia rasilimali zetu wenyewe na kunufaika nazo to ,neutral,neutral,0.3091,0.6592,0.0317
   Ukifundisha mwanaume kilimofamilia yake itashiba Ukimfumdisha mwanamke kilimojamii yake itashiba Tayari,positive,neutral,0.3867,0.5539,0.0594
JIJI LA DODOMA KUWA NA UTALII WA BUSTANI YA MITI NA MAUA Naibu Waziri wa Maliasili na Utalii Constantine Kanyasu ameiagiza Kurugenzi ya Uzalishaji miche ya miti kuanzisha utalii wa,positive,negative,0.154,0.129,0.717
Waziri wa Madini Mhe Dotto Biteko leo Februari 08 2019 amekutana na Watendaji na Watumishi wa Tume ya Madini makao makuu Dodoma ambapo ameitaka Tume hiyo kufufua Vituo vya ukaguzi wa Madini ya,neutral,neutral,0.4811,0.4932,0.0257
   Tupigie direct tunakufikishia mlipobanana Only,neutral,neutral,0.3417,0.427,0.2313
Habari David namba yako bado haijakamilishwa usajili kwa vidole Tafadhali tembelea maduka yetu ya Airtel na kitambulisho cha taifaJuma,positive,positive,0.5611,0.4179,0.021
